# Phonon dispersion from ShengBTE
# Path: G -> X -> K -> G -> L
# Tick positions:
#       G  d = 0.000000
#       X  d = 1.149293
#       K  d = 2.057889
#       G  d = 3.276898
#       L  d = 4.272215
#       distance               qx               qy               qz     omega_1(THz)     omega_2(THz)     omega_3(THz)     omega_4(THz)     omega_5(THz)     omega_6(THz)
        0.000000         0.000000         0.000000         0.000000         0.000000         0.000000         0.000000        15.309511        15.309511        15.309511
        0.005775         0.000000         0.002513         0.002513         0.066464         0.066464         0.141768        15.307709        15.307901        15.308062
        0.011551         0.000000         0.005025         0.005025         0.128708         0.128708         0.265051        15.305968        15.306300        15.306943
        0.017326         0.000000         0.007538         0.007538         0.186732         0.186732         0.369848        15.304290        15.304709        15.306155
        0.023101         0.000000         0.010050         0.010050         0.240535         0.240535         0.456160        15.302673        15.303126        15.305698
        0.028877         0.000000         0.012563         0.012563         0.290117         0.290117         0.523986        15.301119        15.301553        15.305571
        0.034652         0.000000         0.015075         0.015075         0.335479         0.335479         0.573327        15.299626        15.299989        15.305774
        0.040427         0.000000         0.017588         0.017588         0.376621         0.376621         0.604183        15.298196        15.298434        15.306309
        0.046203         0.000000         0.020101         0.020101         0.413542         0.413542         0.616553        15.296827        15.296889        15.307173
        0.051978         0.000000         0.022613         0.022613         0.451004         0.463812         0.699994        15.292990        15.293077        15.306001
        0.057753         0.000000         0.025126         0.025126         0.492517         0.519334         0.807989        15.288147        15.288328        15.304185
        0.063529         0.000000         0.027638         0.027638         0.537199         0.573256         0.904716        15.283334        15.283578        15.302702
        0.069304         0.000000         0.030151         0.030151         0.585050         0.625578         0.990174        15.278553        15.278827        15.301551
        0.075079         0.000000         0.032663         0.032663         0.636070         0.676299         1.064363        15.273802        15.274074        15.300733
        0.080855         0.000000         0.035176         0.035176         0.690259         0.725421         1.127283        15.269083        15.269321        15.300247
        0.086630         0.000000         0.037688         0.037688         0.747616         0.772942         1.178933        15.264394        15.264566        15.300094
        0.092405         0.000000         0.040201         0.040201         0.808142         0.818864         1.219315        15.259737        15.259809        15.300272
        0.098181         0.000000         0.042714         0.042714         0.861410         0.867399         1.281687        15.253715        15.253747        15.299299
        0.103956         0.000000         0.045226         0.045226         0.902906         0.920684         1.381960        15.245750        15.245843        15.296566
        0.109732         0.000000         0.047739         0.047739         0.947086         0.973003         1.474645        15.237785        15.237922        15.294147
        0.115507         0.000000         0.050251         0.050251         0.993951         1.024354         1.559743        15.229822        15.229982        15.292042
        0.121282         0.000000         0.052764         0.052764         1.043499         1.074739         1.637252        15.221859        15.222024        15.290250
        0.127058         0.000000         0.055276         0.055276         1.095732         1.124158         1.707174        15.213898        15.214048        15.288773
        0.132833         0.000000         0.057789         0.057789         1.150648         1.172610         1.769507        15.205937        15.206053        15.287609
        0.138608         0.000000         0.060302         0.060302         1.208249         1.220095         1.824253        15.197978        15.198040        15.286759
        0.144384         0.000000         0.062814         0.062814         1.266108         1.267316         1.878224        15.189639        15.189642        15.285752
        0.150159         0.000000         0.065327         0.065327         1.309101         1.318637         1.973586        15.178622        15.178641        15.281748
        0.155934         0.000000         0.067839         0.067839         1.353762         1.369261         2.063655        15.167574        15.167606        15.278038
        0.161710         0.000000         0.070352         0.070352         1.400092         1.419189         2.148430        15.156495        15.156535        15.274623
        0.167485         0.000000         0.072864         0.072864         1.448092         1.468420         2.227911        15.145385        15.145428        15.271502
        0.173260         0.000000         0.075377         0.075377         1.497760         1.516955         2.302099        15.134245        15.134285        15.268675
        0.179036         0.000000         0.077889         0.077889         1.549097         1.564793         2.370993        15.123074        15.123107        15.266142
        0.184811         0.000000         0.080402         0.080402         1.602103         1.611935         2.434594        15.111873        15.111893        15.263903
        0.190586         0.000000         0.082915         0.082915         1.656778         1.658380         2.492902        15.100641        15.100644        15.261958
        0.196362         0.000000         0.085427         0.085427         1.702488         1.706696         2.578331        15.087203        15.087223        15.257002
        0.202137         0.000000         0.087940         0.087940         1.746944         1.754960         2.666350        15.073285        15.073323        15.251665
        0.207912         0.000000         0.090452         0.090452         1.792202         1.802672         2.750602        15.059320        15.059369        15.246609
        0.213688         0.000000         0.092965         0.092965         1.838262         1.849832         2.831087        15.045307        15.045362        15.241833
        0.219463         0.000000         0.095477         0.095477         1.885122         1.896438         2.907806        15.031248        15.031302        15.237337
        0.225238         0.000000         0.097990         0.097990         1.932784         1.942492         2.980758        15.017142        15.017188        15.233122
        0.231014         0.000000         0.100503         0.100503         1.981247         1.987994         3.049944        15.002989        15.003021        15.229187
        0.236789         0.000000         0.103015         0.103015         2.030512         2.032942         3.115363        14.988789        14.988801        15.225533
        0.242564         0.000000         0.105528         0.105528         2.076679         2.077926         3.191794        14.973451        14.973472        15.219946
        0.248340         0.000000         0.108040         0.108040         2.119835         2.122926         3.277778        14.957141        14.957193        15.212766
        0.254115         0.000000         0.110553         0.110553         2.163125         2.167466         3.361051        14.940782        14.940855        15.205863
        0.259890         0.000000         0.113065         0.113065         2.206549         2.211546         3.441614        14.924375        14.924459        15.199237
        0.265666         0.000000         0.115578         0.115578         2.250108         2.255167         3.519466        14.907919        14.908004        15.192888
        0.271441         0.000000         0.118090         0.118090         2.293801         2.298327         3.594608        14.891414        14.891491        15.186817
        0.277216         0.000000         0.120603         0.120603         2.337628         2.341028         3.667039        14.874861        14.874919        15.181022
        0.282992         0.000000         0.123116         0.123116         2.381589         2.383269         3.736760        14.858260        14.858288        15.175506
        0.288767         0.000000         0.125628         0.125628         2.424893         2.424914         3.808473        14.841301        14.841304        15.169239
        0.294542         0.000000         0.128141         0.128141         2.465647         2.465736         3.892058        14.823373        14.823385        15.160176
        0.300318         0.000000         0.130653         0.130653         2.506040         2.506178         3.973688        14.805404        14.805422        15.151399
        0.306093         0.000000         0.133166         0.133166         2.546072         2.546239         4.053361        14.787395        14.787416        15.142908
        0.311868         0.000000         0.135678         0.135678         2.585745         2.585920         4.131079        14.769344        14.769367        15.134705
        0.317644         0.000000         0.138191         0.138191         2.625057         2.625220         4.206841        14.751254        14.751274        15.126787
        0.323419         0.000000         0.140704         0.140704         2.664009         2.664139         4.280647        14.733122        14.733139        15.119157
        0.329195         0.000000         0.143216         0.143216         2.702600         2.702677         4.352497        14.714950        14.714960        15.111812
        0.334970         0.000000         0.145729         0.145729         2.740831         2.740835         4.422391        14.696737        14.696738        15.104755
        0.340745         0.000000         0.148241         0.148241         2.776876         2.778358         4.502479        14.678139        14.678201        15.094116
        0.346521         0.000000         0.150754         0.150754         2.812547         2.815163         4.581687        14.659515        14.659624        15.083615
        0.352296         0.000000         0.153266         0.153266         2.847925         2.851252         4.659497        14.640880        14.641019        15.073420
        0.358071         0.000000         0.155779         0.155779         2.883009         2.886626         4.735910        14.622236        14.622387        15.063531
        0.363847         0.000000         0.158291         0.158291         2.917800         2.921285         4.810927        14.603580        14.603726        15.053948
        0.369622         0.000000         0.160804         0.160804         2.952297         2.955229         4.884547        14.584915        14.585037        15.044671
        0.375397         0.000000         0.163317         0.163317         2.986501         2.988457         4.956769        14.566239        14.566321        15.035701
        0.381173         0.000000         0.165829         0.165829         3.020411         3.020971         5.027595        14.547553        14.547577        15.027037
        0.386948         0.000000         0.168342         0.168342         3.052205         3.054160         5.102106        14.529135        14.529261        15.016061
        0.392723         0.000000         0.170854         0.170854         3.082882         3.087128         5.178120        14.510881        14.511156        15.004105
        0.398499         0.000000         0.173367         0.173367         3.113371         3.119139         5.253168        14.492659        14.493032        14.992480
        0.404274         0.000000         0.175879         0.175879         3.143672         3.150192         5.327250        14.474470        14.474892        14.981186
        0.410049         0.000000         0.178392         0.178392         3.173784         3.180289         5.400365        14.456313        14.456734        14.970224
        0.415825         0.000000         0.180905         0.180905         3.203708         3.209427         5.472514        14.438188        14.438559        14.959593
        0.421600         0.000000         0.183417         0.183417         3.233443         3.237609         5.543696        14.420097        14.420366        14.949293
        0.427375         0.000000         0.185930         0.185930         3.262991         3.264833         5.613912        14.402037        14.402157        14.939325
        0.433151         0.000000         0.188442         0.188442         3.291127         3.292675         5.684532        14.384388        14.384524        14.928254
        0.438926         0.000000         0.190955         0.190955         3.317119         3.322077         5.756706        14.367431        14.367865        14.915144
        0.444701         0.000000         0.193467         0.193467         3.343041         3.350366         5.828257        14.350550        14.351192        14.902390
        0.450477         0.000000         0.195980         0.195980         3.368894         3.377544         5.899188        14.333746        14.334504        14.889991
        0.456252         0.000000         0.198492         0.198492         3.394677         3.403609         5.969497        14.317019        14.317801        14.877949
        0.462027         0.000000         0.201005         0.201005         3.420391         3.428563         6.039184        14.300368        14.301084        14.866263
        0.467803         0.000000         0.203518         0.203518         3.446034         3.452404         6.108249        14.283794        14.284352        14.854933
        0.473578         0.000000         0.206030         0.206030         3.471609         3.475133         6.176693        14.267296        14.267605        14.843960
        0.479353         0.000000         0.208543         0.208543         3.496826         3.497254         6.244561        14.250986        14.251034        14.833028
        0.485129         0.000000         0.211055         0.211055         3.518870         3.523760         6.312463        14.236004        14.236544        14.819009
        0.490904         0.000000         0.213568         0.213568         3.540958         3.549059         6.380028        14.221137        14.222032        14.805364
        0.496679         0.000000         0.216080         0.216080         3.563091         3.573149         6.447256        14.206387        14.207499        14.792095
        0.502455         0.000000         0.218593         0.218593         3.585269         3.596031         6.514146        14.191754        14.192943        14.779200
        0.508230         0.000000         0.221106         0.221106         3.607491         3.617705         6.580699        14.177237        14.178366        14.766679
        0.514005         0.000000         0.223618         0.223618         3.629758         3.638171         6.646914        14.162837        14.163766        14.754534
        0.519781         0.000000         0.226131         0.226131         3.652069         3.657429         6.712793        14.148553        14.149145        14.742762
        0.525556         0.000000         0.228643         0.228643         3.674425         3.675479         6.778334        14.134385        14.134502        14.731366
        0.531331         0.000000         0.231156         0.231156         3.694118         3.698288         6.842187        14.121442        14.122001        14.717355
        0.537107         0.000000         0.233668         0.233668         3.713220         3.721399         6.905561        14.108940        14.110035        14.702939
        0.542882         0.000000         0.236181         0.236181         3.732452         3.743235         6.968834        14.096589        14.098034        14.688906
        0.548658         0.000000         0.238693         0.238693         3.751814         3.763797         7.032008        14.084392        14.085997        14.675254
        0.554433         0.000000         0.241206         0.241206         3.771305         3.783083         7.095083        14.072346        14.073924        14.661985
        0.560208         0.000000         0.243719         0.243719         3.790927         3.801096         7.158057        14.060454        14.061816        14.649098
        0.565984         0.000000         0.246231         0.246231         3.810679         3.817833         7.220932        14.048713        14.049672        14.636593
        0.571759         0.000000         0.248744         0.248744         3.830560         3.833296         7.283707        14.037126        14.037492        14.624470
        0.577534         0.000000         0.251256         0.251256         3.848848         3.851780         7.344656        14.026267        14.026734        14.610809
        0.583310         0.000000         0.253769         0.253769         3.865572         3.873237         7.403927        14.016166        14.017387        14.595604
        0.589085         0.000000         0.256281         0.256281         3.882465         3.893359         7.463296        14.006254        14.007990        14.580774
        0.594860         0.000000         0.258794         0.258794         3.899527         3.912145         7.522762        13.996531        13.998543        14.566319
        0.600636         0.000000         0.261307         0.261307         3.916757         3.929595         7.582326        13.986998        13.989045        14.552237
        0.606411         0.000000         0.263819         0.263819         3.934156         3.945709         7.641987        13.977655        13.979496        14.538531
        0.612186         0.000000         0.266332         0.266332         3.951725         3.960487         7.701746        13.968501        13.969898        14.525199
        0.617962         0.000000         0.268844         0.268844         3.969462         3.973929         7.761602        13.959537        13.960249        14.512241
        0.623737         0.000000         0.271357         0.271357         3.986621         3.987938         7.820591        13.950894        13.951144        14.498848
        0.629512         0.000000         0.273869         0.273869         4.001106         4.007797         7.876108        13.942972        13.944244        14.482734
        0.635288         0.000000         0.276382         0.276382         4.015752         4.026254         7.931882        13.935285        13.937282        14.466965
        0.641063         0.000000         0.278894         0.278894         4.030559         4.043308         7.987914        13.927835        13.930259        14.451544
        0.646838         0.000000         0.281407         0.281407         4.045527         4.058960         8.044202        13.920621        13.923175        14.436468
        0.652614         0.000000         0.283920         0.283920         4.060655         4.073209         8.100748        13.913642        13.916029        14.421738
        0.658389         0.000000         0.286432         0.286432         4.075944         4.086055         8.157551        13.906900        13.908822        14.407355
        0.664164         0.000000         0.288945         0.288945         4.091394         4.097498         8.214611        13.900393        13.901554        14.393318
        0.669940         0.000000         0.291457         0.291457         4.107004         4.107539         8.271928        13.894123        13.894224        14.379627
        0.675715         0.000000         0.293970         0.293970         4.119256         4.124646         8.324673        13.887950        13.889208        14.362770
        0.681490         0.000000         0.296482         0.296482         4.131313         4.141053         8.377354        13.882068        13.884342        14.345883
        0.687266         0.000000         0.298995         0.298995         4.143492         4.155989         8.430416        13.876492        13.879409        14.329281
        0.693041         0.000000         0.301508         0.301508         4.155793         4.169453         8.483859        13.871221        13.874409        14.312964
        0.698816         0.000000         0.304020         0.304020         4.168218         4.181445         8.537683        13.866255        13.869343        14.296934
        0.704592         0.000000         0.306533         0.306533         4.180764         4.191966         8.591887        13.861596        13.864211        14.281189
        0.710367         0.000000         0.309045         0.309045         4.193434         4.201015         8.646472        13.857242        13.859012        14.265730
        0.716142         0.000000         0.311558         0.311558         4.206226         4.208593         8.701438        13.853194        13.853747        14.250556
        0.721918         0.000000         0.314070         0.314070         4.216603         4.220467         8.753278        13.848576        13.849769        14.233544
        0.727693         0.000000         0.316583         0.316583         4.225547         4.234282         8.803467        13.843840        13.846537        14.215441
        0.733468         0.000000         0.319095         0.319095         4.234571         4.246565         8.854127        13.839536        13.843239        14.197500
        0.739244         0.000000         0.321608         0.321608         4.243675         4.257316         8.905256        13.835664        13.839875        14.179718
        0.745019         0.000000         0.324121         0.324121         4.252860         4.266534         8.956855        13.832224        13.836445        14.162098
        0.750794         0.000000         0.326633         0.326633         4.262125         4.274220         9.008924        13.829215        13.832949        14.144638
        0.756570         0.000000         0.329146         0.329146         4.271471         4.280375         9.061464        13.826639        13.829387        14.127339
        0.762345         0.000000         0.331658         0.331658         4.280897         4.284996         9.114473        13.824494        13.825759        14.110201
        0.768121         0.000000         0.334171         0.334171         4.289035         4.291201         9.166054        13.821548        13.822606        14.092580
        0.773896         0.000000         0.336683         0.336683         4.294499         4.302073         9.214347        13.816772        13.820473        14.073627
        0.779671         0.000000         0.339196         0.339196         4.300021         4.311370         9.263169        13.812734        13.818280        14.054522
        0.785447         0.000000         0.341709         0.341709         4.305600         4.319091         9.312518        13.809433        13.816026        14.035267
        0.791222         0.000000         0.344221         0.344221         4.311236         4.325238         9.362395        13.806870        13.813711        14.015860
        0.796997         0.000000         0.346734         0.346734         4.316930         4.329809         9.412800        13.805043        13.811337        13.996303
        0.802773         0.000000         0.349246         0.349246         4.322681         4.332805         9.463733        13.803954        13.808901        13.976594
        0.808548         0.000000         0.351759         0.351759         4.328489         4.334226         9.515194        13.803602        13.806405        13.956735
        0.814323         0.000000         0.354271         0.354271         4.334192         4.334478         9.566948        13.803524        13.803892        13.936922
        0.820099         0.000000         0.356784         0.356784         4.336230         4.342512         9.613841        13.793745        13.802305        13.921268
        0.825874         0.000000         0.359296         0.359296         4.338332         4.348946         9.661292        13.785158        13.800670        13.904998
        0.831649         0.000000         0.361809         0.361809         4.340498         4.353780         9.709303        13.777762        13.798987        13.888111
        0.837425         0.000000         0.364322         0.364322         4.342728         4.357016         9.757872        13.771556        13.797255        13.870610
        0.843200         0.000000         0.366834         0.366834         4.345023         4.358651         9.807001        13.766542        13.795476        13.852492
        0.848975         0.000000         0.369347         0.369347         4.347381         4.358688         9.856688        13.762719        13.793647        13.833759
        0.854751         0.000000         0.371859         0.371859         4.349803         4.357124         9.906934        13.760087        13.791771        13.814410
        0.860526         0.000000         0.374372         0.374372         4.352289         4.353962         9.957739        13.758645        13.789846        13.794445
        0.866301         0.000000         0.376884         0.376884         4.352303         4.357138        10.004939        13.735740        13.788214        13.791257
        0.872077         0.000000         0.379397         0.379397         4.351564         4.361351        10.051318        13.706889        13.786665        13.792825
        0.877852         0.000000         0.381910         0.381910         4.350923         4.363951        10.098265        13.679705        13.785090        13.793290
        0.883627         0.000000         0.384422         0.384422         4.350379         4.364938        10.145781        13.654188        13.783488        13.792652
        0.889403         0.000000         0.386935         0.386935         4.349933         4.364314        10.193865        13.630337        13.781860        13.790912
        0.895178         0.000000         0.389447         0.389447         4.349584         4.362078        10.242518        13.608154        13.780205        13.788069
        0.900953         0.000000         0.391960         0.391960         4.349333         4.358229        10.291739        13.587637        13.778523        13.784123
        0.906729         0.000000         0.394472         0.394472         4.349180         4.352768        10.341528        13.568786        13.776815        13.779074
        0.912504         0.000000         0.396985         0.396985         4.347883         4.351060        10.389350        13.545155        13.775069        13.775965
        0.918279         0.000000         0.399497         0.399497         4.345252         4.354069        10.434739        13.515119        13.773309        13.775793
        0.924055         0.000000         0.402010         0.402010         4.342765         4.355452        10.480690        13.486132        13.771556        13.775131
        0.929830         0.000000         0.404523         0.404523         4.340422         4.355210        10.527206        13.458194        13.769809        13.773976
        0.935605         0.000000         0.407035         0.407035         4.338223         4.353343        10.574284        13.431305        13.768070        13.772330
        0.941381         0.000000         0.409548         0.409548         4.336167         4.349849        10.621926        13.405464        13.766337        13.770192
        0.947156         0.000000         0.412060         0.412060         4.334256         4.344731        10.670132        13.380672        13.764611        13.767563
        0.952931         0.000000         0.414573         0.414573         4.332488         4.337986        10.718901        13.356929        13.762892        13.764442
        0.958707         0.000000         0.417085         0.417085         4.330530         4.331773        10.767295        13.332460        13.761122        13.761339
        0.964482         0.000000         0.419598         0.419598         4.327074         4.334704        10.811557        13.300033        13.759096        13.760428
        0.970257         0.000000         0.422111         0.422111         4.323804         4.335985        10.856370        13.268433        13.757120        13.759248
        0.976033         0.000000         0.424623         0.424623         4.320720         4.335616        10.901735        13.237659        13.755197        13.757798
        0.981808         0.000000         0.427136         0.427136         4.317822         4.333599        10.947650        13.207712        13.753324        13.756079
        0.987584         0.000000         0.429648         0.429648         4.315111         4.329931        10.994116        13.178591        13.751503        13.754091
        0.993359         0.000000         0.432161         0.432161         4.312587         4.324615        11.041133        13.150296        13.749732        13.751833
        0.999134         0.000000         0.434673         0.434673         4.310248         4.317649        11.088702        13.122827        13.748014        13.749306
        1.004910         0.000000         0.437186         0.437186         4.308096         4.309033        11.136821        13.096185        13.746346        13.746510
        1.010685         0.000000         0.439698         0.439698         4.304914         4.311076        11.180366        13.062177        13.744308        13.745092
        1.016460         0.000000         0.442211         0.442211         4.301771         4.313194        11.223719        13.027709        13.742306        13.743760
        1.022236         0.000000         0.444724         0.444724         4.298841         4.313627        11.267611        12.993943        13.740405        13.742286
        1.028011         0.000000         0.447236         0.447236         4.296126         4.312375        11.312043        12.960881        13.738603        13.740671
        1.033786         0.000000         0.449749         0.449749         4.293625         4.309439        11.357013        12.928521        13.736902        13.738915
        1.039562         0.000000         0.452261         0.452261         4.291338         4.304818        11.402522        12.896864        13.735301        13.737017
        1.045337         0.000000         0.454774         0.454774         4.289265         4.298512        11.448571        12.865909        13.733801        13.734977
        1.051112         0.000000         0.457286         0.457286         4.287406         4.290521        11.495158        12.835658        13.732400        13.732797
        1.056888         0.000000         0.459799         0.459799         4.285186         4.289566        11.538663        12.801157        13.730798        13.731253
        1.062663         0.000000         0.462312         0.462312         4.282779         4.293125        11.580117        12.763759        13.729115        13.730190
        1.068438         0.000000         0.464824         0.464824         4.280598         4.294962        11.622105        12.726984        13.727574        13.729067
        1.074214         0.000000         0.467337         0.467337         4.278643         4.295077        11.664629        12.690832        13.726176        13.727884
        1.079989         0.000000         0.469849         0.469849         4.276914         4.293470        11.707687        12.655301        13.724922        13.726642
        1.085764         0.000000         0.472362         0.472362         4.275411         4.290141        11.751281        12.620394        13.723810        13.725340
        1.091540         0.000000         0.474874         0.474874         4.274134         4.285089        11.795410        12.586109        13.722841        13.723979
        1.097315         0.000000         0.477387         0.477387         4.273084         4.278316        11.840073        12.552447        13.722015        13.722558
        1.103090         0.000000         0.479899         0.479899         4.272035         4.274339        11.883326        12.517136        13.721187        13.721403
        1.108866         0.000000         0.482412         0.482412         4.270670         4.279599        11.922394        12.476895        13.720167        13.721006
        1.114641         0.000000         0.484925         0.484925         4.269533         4.283113        11.962009        12.437224        13.719315        13.720591
        1.120416         0.000000         0.487437         0.487437         4.268626         4.284880        12.002170        12.398123        13.718631        13.720158
        1.126192         0.000000         0.489950         0.489950         4.267947         4.284901        12.042876        12.359592        13.718116        13.719708
        1.131967         0.000000         0.492462         0.492462         4.267498         4.283176        12.084129        12.321631        13.717768        13.719241
        1.137742         0.000000         0.494975         0.494975         4.267277         4.279704        12.125928        12.284239        13.717588        13.718755
        1.143518         0.000000         0.497487         0.497487         4.267285         4.274486        12.168273        12.247417        13.717576        13.718253
        1.149293         0.000000         0.500000         0.500000         4.267522         4.267522        12.211164        12.211164        13.717732        13.717732
        1.153859        -0.001884         0.499372         0.497487         4.267609         4.274669        12.172509        12.242912        13.717526        13.718189
        1.158425        -0.003769         0.498744         0.494975         4.268483         4.280526        12.142440        12.266651        13.717379        13.718511
        1.162991        -0.005653         0.498116         0.492462         4.270008         4.285226        12.120310        12.283028        13.717280        13.718710
        1.167556        -0.007538         0.497487         0.489950         4.272051         4.288900        12.105471        12.292687        13.717218        13.718801
        1.172122        -0.009422         0.496859         0.487437         4.274475         4.291683        12.097277        12.296276        13.717180        13.718797
        1.176688        -0.011307         0.496231         0.484925         4.277147         4.293708        12.095080        12.294440        13.717155        13.718711
        1.181254        -0.013191         0.495603         0.482412         4.279932         4.295108        12.098233        12.287825        13.717131        13.718556
        1.185820        -0.015075         0.494975         0.479899         4.282694         4.296015        12.106088        12.277077        13.717096        13.718347
        1.190385        -0.016960         0.494347         0.477387         4.284631         4.302403        12.098963        12.276794        13.716808        13.718599
        1.194951        -0.018844         0.493719         0.474874         4.286451         4.310556        12.084779        12.282056        13.716412        13.718985
        1.199517        -0.020729         0.493090         0.472362         4.288549         4.317952        12.070862        12.287629        13.716012        13.719293
        1.204083        -0.022613         0.492462         0.469849         4.290936         4.329770        12.044610        12.301082        13.715493        13.719871
        1.208649        -0.024497         0.491834         0.467337         4.294619         4.340137        12.023144        12.310045        13.715079        13.720257
        1.213214        -0.026382         0.491206         0.464824         4.299434         4.348905        12.006754        12.314523        13.714764        13.720445
        1.217780        -0.028266         0.490578         0.462312         4.305188         4.356266        11.994822        12.315131        13.714530        13.720455
        1.222346        -0.030151         0.489950         0.459799         4.311684         4.362411        11.986732        12.312480        13.714362        13.720308
        1.226912        -0.032035         0.489322         0.457286         4.317805         4.371288        11.976067        12.310008        13.714046        13.720487
        1.231478        -0.033920         0.488693         0.454774         4.323448         4.384200        11.958333        12.311032        13.713469        13.721175
        1.236043        -0.035804         0.488065         0.452261         4.330203         4.395605        11.940892        12.312364        13.712905        13.721715
        1.240609        -0.037688         0.487437         0.449749         4.338256         4.405313        11.923742        12.314001        13.712368        13.722097
        1.245175        -0.039573         0.486809         0.447236         4.347793         4.413136        11.906885        12.315940        13.711872        13.722311
        1.249741        -0.041457         0.486181         0.444724         4.358998         4.418884        11.890322        12.318177        13.711428        13.722350
        1.254307        -0.043342         0.485553         0.442211         4.368599         4.430339        11.869525        12.320629        13.710884        13.722735
        1.258872        -0.045226         0.484925         0.439698         4.378869         4.441307        11.851013        12.320831        13.710436        13.722923
        1.263438        -0.047111         0.484296         0.437186         4.389102         4.452676        11.834180        12.319080        13.710012        13.723066
        1.268004        -0.048995         0.483668         0.434673         4.395107         4.473210        11.813134        12.315994        13.709168        13.724325
        1.272570        -0.050879         0.483040         0.432161         4.403281         4.491299        11.792406        12.313214        13.708375        13.725328
        1.277136        -0.052764         0.482412         0.429648         4.413910         4.506655        11.771996        12.310737        13.707653        13.726058
        1.281702        -0.054648         0.481784         0.427136         4.427280         4.518988        11.751905        12.308559        13.707021        13.726498
        1.286267        -0.056533         0.481156         0.424623         4.443676         4.528007        11.732135        12.306676        13.706499        13.726632
        1.290833        -0.058417         0.480528         0.422111         4.463384         4.533424        11.712687        12.305085        13.706109        13.726442
        1.295399        -0.060302         0.479899         0.419598         4.486691         4.534948        11.693562        12.303782        13.705869        13.725913
        1.299965        -0.062186         0.479271         0.417085         4.513883         4.532290        11.674762        12.302764        13.705801        13.725027
        1.304531        -0.064070         0.478643         0.414573         4.517023         4.562340        11.650843        12.296285        13.704625        13.727037
        1.309096        -0.065955         0.478015         0.412060         4.519148         4.594967        11.626181        12.288968        13.703380        13.729267
        1.313662        -0.067839         0.477387         0.409548         4.525616         4.623025        11.601865        12.281964        13.702315        13.731071
        1.318228        -0.069724         0.476759         0.407035         4.536091         4.646844        11.577894        12.275272        13.701420        13.732465
        1.322794        -0.071608         0.476131         0.404523         4.550237         4.666755        11.554266        12.268888        13.700683        13.733464
        1.327360        -0.073492         0.475503         0.402010         4.567720         4.683089        11.530979        12.262811        13.700095        13.734083
        1.331925        -0.075377         0.474874         0.399497         4.588204         4.696175        11.508034        12.257040        13.699646        13.734337
        1.336491        -0.077261         0.474246         0.396985         4.611352         4.706347        11.485427        12.251571        13.699324        13.734241
        1.341057        -0.079146         0.473618         0.394472         4.629742         4.722970        11.461777        12.244372        13.698783        13.735119
        1.345623        -0.081030         0.472990         0.391960         4.643590         4.745625        11.437262        12.235785        13.697967        13.736838
        1.350189        -0.082915         0.472362         0.389447         4.658942         4.766641        11.413040        12.227540        13.697141        13.738304
        1.354754        -0.084799         0.471734         0.386935         4.670260         4.794126        11.387119        12.218030        13.696165        13.740494
        1.359320        -0.086683         0.471106         0.384422         4.683377         4.820419        11.360973        12.208370        13.695330        13.742491
        1.363886        -0.088568         0.470477         0.381910         4.699820         4.843258        11.335174        12.199014        13.694685        13.744002
        1.368452        -0.090452         0.469849         0.379397         4.719227         4.863004        11.309724        12.189960        13.694216        13.745045
        1.373018        -0.092337         0.469221         0.376884         4.741234         4.880017        11.284620        12.181207        13.693910        13.745639
        1.377584        -0.094221         0.468593         0.374372         4.762654         4.897992        11.259340        12.171885        13.693684        13.746401
        1.382149        -0.096106         0.467965         0.371859         4.777578         4.923929        11.232801        12.160280        13.693312        13.748606
        1.386715        -0.097990         0.467337         0.369347         4.794699         4.947644        11.206556        12.148999        13.692959        13.750478
        1.391281        -0.099874         0.466709         0.366834         4.814350         4.968803        11.180604        12.138042        13.692638        13.752008
        1.395847        -0.101759         0.466080         0.364322         4.836863         4.987073        11.154945        12.127407        13.692360        13.753185
        1.400413        -0.103643         0.465452         0.361809         4.862570         5.002122        11.129580        12.117095        13.692137        13.753998
        1.404978        -0.105528         0.464824         0.359296         4.885067         5.021829        11.102854        12.105787        13.691936        13.755514
        1.409544        -0.107412         0.464196         0.356784         4.907445         5.042200        11.075823        12.094268        13.691891        13.756934
        1.414110        -0.109296         0.463568         0.354271         4.931773         5.060598        11.049128        12.083040        13.692022        13.757841
        1.418676        -0.111181         0.462940         0.351759         4.944243         5.091222        11.021315        12.069158        13.692265        13.760599
        1.423242        -0.113065         0.462312         0.349246         4.958848         5.119798        10.993721        12.055447        13.692577        13.763038
        1.427807        -0.114950         0.461683         0.346734         4.976522         5.145378        10.966409        12.042033        13.692975        13.765046
        1.432373        -0.116834         0.461055         0.344221         4.997591         5.167638        10.939378        12.028916        13.693475        13.766606
        1.436939        -0.118719         0.460427         0.341709         5.022379         5.186252        10.912631        12.016095        13.694091        13.767706
        1.441505        -0.120603         0.459799         0.339196         5.051213         5.200894        10.886166        12.003569        13.694841        13.768330
        1.446071        -0.122487         0.459171         0.336683         5.084418         5.211240        10.859984        11.991338        13.695739        13.768464
        1.450636        -0.124372         0.458543         0.334171         5.122321         5.216964        10.834086        11.979401        13.696803        13.768093
        1.455202        -0.126256         0.457915         0.331658         5.137136         5.245511        10.806266        11.964719        13.697733        13.770753
        1.459768        -0.128141         0.457286         0.329146         5.142426         5.283467        10.777638        11.948821        13.698692        13.774642
        1.464334        -0.130025         0.456658         0.326633         5.151909         5.317281        10.749307        11.933227        13.699830        13.777991
        1.468900        -0.131910         0.456030         0.324121         5.165347         5.347189        10.721274        11.917936        13.701141        13.780810
        1.473466        -0.133794         0.455402         0.321608         5.182505         5.373425        10.693538        11.902947        13.702615        13.783110
        1.478031        -0.135678         0.454774         0.319095         5.203147         5.396227        10.666099        11.888258        13.704244        13.784902
        1.482597        -0.137563         0.454146         0.316583         5.227037         5.415829        10.638957        11.873868        13.706022        13.786197
        1.487163        -0.139447         0.453518         0.314070         5.253937         5.432468        10.612111        11.859777        13.707940        13.787004
        1.491729        -0.141332         0.452889         0.311558         5.277843         5.450972        10.585664        11.845215        13.710035        13.788279
        1.496295        -0.143216         0.452261         0.309045         5.293862         5.475508        10.559644        11.829655        13.712266        13.790739
        1.500860        -0.145101         0.451633         0.306533         5.311361         5.498697        10.533865        11.814370        13.714536        13.792840
        1.505426        -0.146985         0.451005         0.304020         5.325202         5.525247        10.507445        11.798774        13.716744        13.795719
        1.509992        -0.148869         0.450377         0.301508         5.338375         5.552322        10.480739        11.783073        13.719053        13.798786
        1.514558        -0.150754         0.449749         0.298995         5.354363         5.576713        10.454315        11.767637        13.721556        13.801283
        1.519124        -0.152638         0.449121         0.296482         5.372994         5.598588        10.428174        11.752463        13.724239        13.803225
        1.523689        -0.154523         0.448492         0.293970         5.394098         5.618117        10.402314        11.737550        13.727091        13.804628
        1.528255        -0.156407         0.447864         0.291457         5.416418         5.636152        10.376857        11.722775        13.730121        13.805701
        1.532821        -0.158291         0.447236         0.288945         5.428512         5.660118        10.352971        11.706895        13.733484        13.808452
        1.537387        -0.160176         0.446608         0.286432         5.442097         5.682797        10.329311        11.691248        13.736944        13.810774
        1.541953        -0.162060         0.445980         0.283920         5.457326         5.704036        10.305877        11.675832        13.740517        13.812653
        1.546518        -0.163945         0.445352         0.281407         5.474351         5.723682        10.282669        11.660647        13.744218        13.814077
        1.551084        -0.165829         0.444724         0.278894         5.493326         5.741581        10.259689        11.645691        13.748063        13.815032
        1.555650        -0.167714         0.444095         0.276382         5.510364         5.760533        10.236428        11.630771        13.751834        13.816591
        1.560216        -0.169598         0.443467         0.273869         5.526193         5.780027        10.213024        11.615911        13.755596        13.818473
        1.564782        -0.171482         0.442839         0.271357         5.543920         5.797825        10.189892        11.601259        13.759518        13.819813
        1.569348        -0.173367         0.442211         0.268844         5.552888         5.819489        10.169136        11.586077        13.763588        13.822558
        1.573913        -0.175251         0.441583         0.266332         5.560376         5.841559        10.149155        11.570884        13.767869        13.825258
        1.578479        -0.177136         0.440955         0.263819         5.569199         5.862564        10.129391        11.555869        13.772397        13.827376
        1.583045        -0.179020         0.440327         0.261307         5.579456         5.882405        10.109845        11.541031        13.777205        13.828883
        1.587611        -0.180905         0.439698         0.258794         5.591242         5.900984        10.090516        11.526368        13.782322        13.829750
        1.592177        -0.182789         0.439070         0.256281         5.604654         5.918201        10.071407        11.511879        13.787782        13.829949
        1.596742        -0.184673         0.438442         0.253769         5.619791         5.933959        10.052518        11.497563        13.793616        13.829449
        1.601308        -0.186558         0.437814         0.251256         5.636748         5.948157        10.033849        11.483418        13.799856        13.828224
        1.605874        -0.188442         0.437186         0.248744         5.645044         5.965385        10.017030        11.469465        13.804151        13.830554
        1.610440        -0.190327         0.436558         0.246231         5.644122         5.986208        10.002078        11.455707        13.806480        13.836426
        1.615006        -0.192211         0.435930         0.243719         5.644359         6.006141         9.987373        11.442119        13.809181        13.841565
        1.619571        -0.194095         0.435302         0.241206         5.645759         6.025176         9.972915        11.428701        13.812220        13.846008
        1.624137        -0.195980         0.434673         0.238693         5.648325         6.043307         9.958703        11.415453        13.815562        13.849796
        1.628703        -0.197864         0.434045         0.236181         5.652062         6.060527         9.944738        11.402373        13.819170        13.852966
        1.633269        -0.199749         0.433417         0.233668         5.656973         6.076829         9.931020        11.389461        13.823010        13.855558
        1.637835        -0.201633         0.432789         0.231156         5.663061         6.092206         9.917549        11.376715        13.827045        13.857611
        1.642400        -0.203518         0.432161         0.228643         5.668253         6.106967         9.905273        11.364148        13.830645        13.860150
        1.646966        -0.205402         0.431533         0.226131         5.666250         6.122532         9.896803        11.351774        13.831970        13.866146
        1.651532        -0.207286         0.430905         0.223618         5.664652         6.138019         9.888502        11.339533        13.833222        13.871940
        1.656098        -0.209171         0.430276         0.221106         5.661893         6.153290         9.880349        11.327909        13.834095        13.878209
        1.660664        -0.211055         0.429648         0.218593         5.657764         6.168134         9.872401        11.316986        13.834642        13.884937
        1.665229        -0.212940         0.429020         0.216080         5.654343         6.182605         9.864711        11.306141        13.835334        13.891172
        1.669795        -0.214824         0.428392         0.213568         5.651644         6.196685         9.857278        11.295374        13.836170        13.896920
        1.674361        -0.216709         0.427764         0.211055         5.649683         6.210356         9.850102        11.284686        13.837143        13.902189
        1.678927        -0.218593         0.427136         0.208543         5.648474         6.223599         9.843182        11.274076        13.838252        13.906986
        1.683493        -0.220477         0.426508         0.206030         5.640439         6.236280         9.840759        11.263962        13.838296        13.913934
        1.688059        -0.222362         0.425879         0.203518         5.631977         6.249070         9.838910        11.253938        13.838157        13.920924
        1.692624        -0.224246         0.425251         0.201005         5.623774         6.261986         9.837250        11.243962        13.837946        13.927720
        1.697190        -0.226131         0.424623         0.198492         5.615847         6.275009         9.835778        11.234034        13.837674        13.934314
        1.701756        -0.228015         0.423995         0.195980         5.608213         6.288121         9.834497        11.224153        13.837350        13.940697
        1.706322        -0.229899         0.423367         0.193467         5.599995         6.300483         9.833419        11.215043        13.837019        13.947001
        1.710888        -0.231784         0.422739         0.190955         5.590772         6.311545         9.832630        11.207051        13.836693        13.953269
        1.715453        -0.233668         0.422111         0.188442         5.581993         6.322554         9.832144        11.199010        13.836315        13.959260
        1.720019        -0.235553         0.421482         0.185930         5.569801         6.332559         9.834502        11.191413        13.835655        13.965953
        1.724585        -0.237437         0.420854         0.183417         5.555489         6.342220         9.838645        11.184044        13.834751        13.973072
        1.729151        -0.239322         0.420226         0.180905         5.541328         6.352157         9.843036        11.176603        13.833731        13.980055
        1.733717        -0.241206         0.419598         0.178392         5.527326         6.362359         9.847677        11.169089        13.832599        13.986898
        1.738282        -0.243090         0.418970         0.175879         5.513492         6.372820         9.852569        11.161501        13.831357        13.993601
        1.742848        -0.244975         0.418342         0.173367         5.499833         6.383529         9.857712        11.153839        13.830010        14.000160
        1.747414        -0.246859         0.417714         0.170854         5.486358         6.394479         9.863108        11.146100        13.828560        14.006574
        1.751980        -0.248744         0.417085         0.168342         5.473077         6.405660         9.868757        11.138284        13.827009        14.012841
        1.756546        -0.250628         0.416457         0.165829         5.457904         6.414907         9.875530        11.131936        13.825476        14.019194
        1.761111        -0.252513         0.415829         0.163317         5.438689         6.420121         9.884345        11.128543        13.824056        14.025890
        1.765677        -0.254397         0.415201         0.160804         5.419587         6.425644         9.893480        11.124984        13.822515        14.032466
        1.770243        -0.256281         0.414573         0.158291         5.400604         6.431472         9.902932        11.121262        13.820853        14.038921
        1.774809        -0.258166         0.413945         0.155779         5.381743         6.437600         9.912696        11.117381        13.819071        14.045255
        1.779375        -0.260050         0.413317         0.153266         5.363010         6.444025         9.922768        11.113343        13.817172        14.051466
        1.783941        -0.261935         0.412688         0.150754         5.344409         6.450741         9.933146        11.109154        13.815157        14.057554
        1.788506        -0.263819         0.412060         0.148241         5.325946         6.457744         9.943824        11.104815        13.813026        14.063517
        1.793072        -0.265704         0.411432         0.145729         5.307528         6.464932         9.954856        11.100385        13.810789        14.069371
        1.797638        -0.267588         0.410804         0.143216         5.287000         6.470181         9.967436        11.097071        13.808622        14.075482
        1.802204        -0.269472         0.410176         0.140704         5.266537         6.475806         9.980262        11.093600        13.806355        14.081530
        1.806770        -0.271357         0.409548         0.138191         5.245778         6.480768         9.993122        11.090944        13.804081        14.087422
        1.811335        -0.273241         0.408920         0.135678         5.224143         6.483396        10.005837        11.090513        13.801936        14.092992
        1.815901        -0.275126         0.408291         0.133166         5.202581         6.486377        10.019041        11.089699        13.799670        14.098471
        1.820467        -0.277010         0.407663         0.130653         5.181093         6.489709        10.032726        11.088509        13.797285        14.103858
        1.825033        -0.278894         0.407035         0.128141         5.159682         6.493391        10.046883        11.086949        13.794779        14.109154
        1.829599        -0.280779         0.406407         0.125628         5.138352         6.497421        10.061505        11.085027        13.792154        14.114357
        1.834164        -0.282663         0.405779         0.123116         5.116656         6.500110        10.076235        11.083971        13.789670        14.119446
        1.838730        -0.284548         0.405151         0.120603         5.094860         6.502614        10.091266        11.082970        13.787176        14.124475
        1.843296        -0.286432         0.404523         0.118090         5.073113         6.505501        10.106709        11.081616        13.784589        14.129457
        1.847862        -0.288317         0.403894         0.115578         5.051416         6.508773        10.122565        11.079907        13.781906        14.134390
        1.852428        -0.290201         0.403266         0.113065         5.029773         6.512428        10.138836        11.077842        13.779128        14.139275
        1.856993        -0.292085         0.402638         0.110553         5.007924         6.515577        10.155173        11.076392        13.776345        14.144014
        1.861559        -0.293970         0.402010         0.108040         4.985204         6.515981        10.170907        11.077797        13.773775        14.148351
        1.866125        -0.295854         0.401382         0.105528         4.962522         6.516754        10.187382        11.078534        13.771092        14.152615
        1.870691        -0.297739         0.400754         0.103015         4.940351         6.516966        10.203548        11.079522        13.768512        14.156621
        1.875257        -0.299623         0.400126         0.100503         4.918769         6.516455        10.219174        11.080940        13.766095        14.160362
        1.879823        -0.301508         0.399497         0.097990         4.897214         6.516325        10.235481        11.081719        13.763590        14.164066
        1.884388        -0.303392         0.398869         0.095477         4.875688         6.516577        10.252477        11.081851        13.760997        14.167732
        1.888954        -0.305276         0.398241         0.092965         4.854192         6.517211        10.270169        11.081328        13.758314        14.171361
        1.893520        -0.307161         0.397613         0.090452         4.832728         6.518228        10.288567        11.080142        13.755541        14.174950
        1.898086        -0.309045         0.396985         0.087940         4.811299         6.519627        10.307678        11.078286        13.752676        14.178499
        1.902652        -0.310930         0.396357         0.085427         4.789905         6.521410        10.327510        11.075751        13.749719        14.182008
        1.907217        -0.312814         0.395729         0.082915         4.768735         6.522365        10.346704        11.074232        13.746876        14.185253
        1.911783        -0.314698         0.395101         0.080402         4.748523         6.517653        10.359947        11.080358        13.744983        14.187354
        1.916349        -0.316583         0.394472         0.077889         4.728335         6.513316        10.374188        11.085503        13.743015        14.189428
        1.920915        -0.318467         0.393844         0.075377         4.708172         6.509355        10.389407        11.089686        13.740971        14.191474
        1.925481        -0.320352         0.393216         0.072864         4.688034         6.505769        10.405587        11.092926        13.738849        14.193493
        1.930046        -0.322236         0.392588         0.070352         4.667922         6.502558        10.422711        11.095239        13.736650        14.195484
        1.934612        -0.324121         0.391960         0.067839         4.647840         6.499724        10.440760        11.096646        13.734372        14.197446
        1.939178        -0.326005         0.391332         0.065327         4.627786         6.497265        10.459716        11.097163        13.732014        14.199378
        1.943744        -0.327889         0.390704         0.062814         4.607764         6.495181        10.479562        11.096810        13.729576        14.201281
        1.948310        -0.329774         0.390075         0.060302         4.591263         6.492251        10.494662        11.098817        13.727579        14.202289
        1.952875        -0.331658         0.389447         0.057789         4.575322         6.489529        10.509646        11.100580        13.725585        14.203168
        1.957441        -0.333543         0.388819         0.055276         4.559339         6.486734        10.524842        11.102393        13.723588        14.203996
        1.962007        -0.335427         0.388191         0.052764         4.542568         6.480648        10.537400        11.109084        13.722049        14.204448
        1.966573        -0.337312         0.387563         0.050251         4.525815         6.474934        10.551482        11.114268        13.720428        14.204873
        1.971139        -0.339196         0.386935         0.047739         4.509081         6.469592        10.567044        11.117989        13.718723        14.205271
        1.975704        -0.341080         0.386307         0.045226         4.492367         6.464622        10.584044        11.120291        13.716936        14.205643
        1.980270        -0.342965         0.385678         0.042714         4.475673         6.460023        10.602439        11.121217        13.715065        14.205987
        1.984836        -0.344849         0.385050         0.040201         4.462063         6.455155        10.617321        11.123591        13.713435        14.205606
        1.989402        -0.346734         0.384422         0.037688         4.450695         6.450213        10.629823        11.126846        13.711954        14.204716
        1.993968        -0.348618         0.383794         0.035176         4.439391         6.445660        10.643391        11.129016        13.710391        14.203816
        1.998534        -0.350503         0.383166         0.032663         4.428152         6.441494        10.658066        11.130061        13.708744        14.202908
        2.003099        -0.352387         0.382538         0.030151         4.416978         6.437716        10.673890        11.129941        13.707013        14.201990
        2.007665        -0.354271         0.381910         0.027638         4.405829         6.434099        10.690576        11.129069        13.705235        14.201044
        2.012231        -0.356156         0.381281         0.025126         4.394057         6.427023        10.703378        11.134254        13.704005        14.199769
        2.016797        -0.358040         0.380653         0.022613         4.382301         6.420306        10.718194        11.137462        13.702680        14.198462
        2.021363        -0.359925         0.380025         0.020101         4.372377         6.413699        10.732060        11.140451        13.701402        14.196738
        2.025928        -0.361809         0.379397         0.017588         4.366914         6.406866        10.740696        11.145750        13.700366        14.194058
        2.030494        -0.363693         0.378769         0.015075         4.361522         6.400417        10.751031        11.149350        13.699228        14.191359
        2.035060        -0.365578         0.378141         0.012563         4.356201         6.394350        10.763179        11.151134        13.697989        14.188641
        2.039626        -0.367462         0.377513         0.010050         4.350949         6.388666        10.777257        11.150986        13.696649        14.185904
        2.044192        -0.369347         0.376884         0.007538         4.345768         6.383365        10.793380        11.148791        13.695207        14.183147
        2.048757        -0.371231         0.376256         0.005025         4.340657         6.378447        10.811665        11.144433        13.693664        14.180371
        2.053323        -0.373116         0.375628         0.002513         4.335617         6.373912        10.832228        11.137797        13.692019        14.177574
        2.057889        -0.375000         0.375000         0.000000         4.330647         6.369759        10.855183        11.128767        13.690273        14.174758
        2.064015        -0.373116         0.373116        -0.000000         4.335739         6.386398        10.815106        11.131992        13.694321        14.185401
        2.070140        -0.371231         0.371231        -0.000000         4.340825         6.402601        10.775968        11.134858        13.698373        14.195928
        2.076266        -0.369347         0.369347        -0.000000         4.345906         6.418368        10.737770        11.137364        13.702428        14.206338
        2.082392        -0.367462         0.367462        -0.000000         4.350980         6.433699        10.700511        11.139512        13.706487        14.216631
        2.088517        -0.365578         0.365578        -0.000000         4.356047         6.448593        10.664191        11.141301        13.710549        14.226807
        2.094643        -0.363693         0.363693        -0.000000         4.361109         6.463052        10.628810        11.142730        13.714615        14.236866
        2.100769        -0.361809         0.361809        -0.000000         4.366164         6.477075        10.594369        11.143801        13.718684        14.246808
        2.106894        -0.359925         0.359925        -0.000000         4.371213         6.490661        10.560867        11.144512        13.722756        14.256633
        2.113020        -0.358040         0.358040        -0.000000         4.376256         6.503812        10.528304        11.144864        13.726832        14.266342
        2.119146        -0.356156         0.356156        -0.000000         4.381293         6.516526        10.496681        11.144858        13.730912        14.275934
        2.125271        -0.354271         0.354271        -0.000000         4.386324         6.528805        10.465997        11.144492        13.734995        14.285408
        2.131397        -0.352387         0.352387        -0.000000         4.389067         6.533228        10.428854        11.155476        13.740112        14.293845
        2.137523        -0.350503         0.350503        -0.000000         4.391611         6.536899        10.391629        11.167219        13.745266        14.302101
        2.143649        -0.348618         0.348618        -0.000000         4.394087         6.540259        10.354742        11.179044        13.750395        14.310230
        2.149774        -0.346734         0.346734        -0.000000         4.396496         6.543308        10.318192        11.190950        13.755499        14.318232
        2.155900        -0.344849         0.344849        -0.000000         4.398838         6.546046        10.281979        11.202938        13.760579        14.326106
        2.162026        -0.342965         0.342965        -0.000000         4.401112         6.548472        10.246103        11.215008        13.765633        14.333854
        2.168151        -0.341080         0.341080        -0.000000         4.403319         6.550587        10.210564        11.227160        13.770663        14.341474
        2.174277        -0.339196         0.339196        -0.000000         4.405458         6.552391        10.175362        11.239394        13.775669        14.348968
        2.180403        -0.337312         0.337312        -0.000000         4.407530         6.553884        10.140498        11.251709        13.780649        14.356334
        2.186528        -0.335427         0.335427        -0.000000         4.409535         6.555065        10.105970        11.264107        13.785605        14.363573
        2.192654        -0.333543         0.333543        -0.000000         4.411472         6.555934        10.071780        11.276586        13.790536        14.370686
        2.198780        -0.331658         0.331658        -0.000000         4.410299         6.550178        10.035521        11.294987        13.796131        14.376730
        2.204905        -0.329774         0.329774        -0.000000         4.408669         6.543465         9.999024        11.314246        13.801766        14.382550
        2.211031        -0.327889         0.327889        -0.000000         4.406964         6.536594         9.962574        11.333637        13.807354        14.388266
        2.217157        -0.326005         0.326005        -0.000000         4.405182         6.529564         9.926170        11.353158        13.812895        14.393877
        2.223282        -0.324121         0.324121        -0.000000         4.403324         6.522375         9.889814        11.372810        13.818389        14.399383
        2.229408        -0.322236         0.322236        -0.000000         4.401390         6.515027         9.853505        11.392593        13.823835        14.404784
        2.235534        -0.320352         0.320352        -0.000000         4.399379         6.507520         9.817243        11.412508        13.829234        14.410081
        2.241659        -0.318467         0.318467        -0.000000         4.397293         6.499855         9.781028        11.432553        13.834586        14.415273
        2.247785        -0.316583         0.316583        -0.000000         4.395130         6.492031         9.744860        11.452729        13.839890        14.420359
        2.253911        -0.314698         0.314698        -0.000000         4.392891         6.484048         9.708739        11.473036        13.845148        14.425342
        2.260036        -0.312814         0.312814        -0.000000         4.390575         6.475906         9.672665        11.493474        13.850358        14.430219
        2.266162        -0.310930         0.310930        -0.000000         4.385103         6.462112         9.636332        11.517097        13.856089        14.434330
        2.272288        -0.309045         0.309045        -0.000000         4.378980         6.447186         9.599799        11.541433        13.861880        14.438243
        2.278413        -0.307161         0.307161        -0.000000         4.372825         6.432240         9.563110        11.565868        13.867616        14.442094
        2.284539        -0.305276         0.305276        -0.000000         4.366639         6.417272         9.526265        11.590401        13.873298        14.445883
        2.290665        -0.303392         0.303392        -0.000000         4.360421         6.402283         9.489264        11.615033        13.878924        14.449610
        2.296790        -0.301508         0.301508        -0.000000         4.354172         6.387272         9.452108        11.639764        13.884495        14.453274
        2.302916        -0.299623         0.299623        -0.000000         4.347891         6.372241         9.414795        11.664594        13.890011        14.456877
        2.309042        -0.297739         0.297739        -0.000000         4.341579         6.357188         9.377326        11.689522        13.895473        14.460418
        2.315167        -0.295854         0.295854        -0.000000         4.335235         6.342114         9.339701        11.714550        13.900879        14.463897
        2.321293        -0.293970         0.293970        -0.000000         4.328860         6.327018         9.301920        11.739676        13.906231        14.467313
        2.327419        -0.292085         0.292085        -0.000000         4.322453         6.311902         9.263984        11.764900        13.911527        14.470668
        2.333544        -0.290201         0.290201        -0.000000         4.313417         6.291700         9.226833        11.791992        13.917448        14.473652
        2.339670        -0.288317         0.288317        -0.000000         4.303670         6.270150         9.189648        11.819656        13.923515        14.476524
        2.345796        -0.286432         0.286432        -0.000000         4.293964         6.248714         9.152142        11.847383        13.929536        14.479378
        2.351921        -0.284548         0.284548        -0.000000         4.284297         6.227393         9.114314        11.875173        13.935511        14.482212
        2.358047        -0.282663         0.282663        -0.000000         4.274671         6.206186         9.076165        11.903026        13.941439        14.485026
        2.364173        -0.280779         0.280779        -0.000000         4.265085         6.185094         9.037694        11.930941        13.947321        14.487822
        2.370298        -0.278894         0.278894        -0.000000         4.255539         6.164115         8.998902        11.958920        13.953157        14.490598
        2.376424        -0.277010         0.277010        -0.000000         4.246033         6.143252         8.959788        11.986962        13.958946        14.493355
        2.382550        -0.275126         0.275126        -0.000000         4.236567         6.122502         8.920352        12.015066        13.964688        14.496093
        2.388676        -0.273241         0.273241        -0.000000         4.227142         6.101867         8.880596        12.043234        13.970384        14.498811
        2.394801        -0.271357         0.271357        -0.000000         4.217756         6.081346         8.840517        12.071465        13.976034        14.501510
        2.400927        -0.269472         0.269472        -0.000000         4.206447         6.056128         8.802092        12.100997        13.982550        14.504110
        2.407053        -0.267588         0.267588        -0.000000         4.194471         6.029301         8.763989        12.131041        13.989386        14.506681
        2.413178        -0.265704         0.265704        -0.000000         4.182589         6.002736         8.725429        12.161115        13.996195        14.509259
        2.419304        -0.263819         0.263819        -0.000000         4.170802         5.976432         8.686412        12.191220        14.002977        14.511843
        2.425430        -0.261935         0.261935        -0.000000         4.159111         5.950390         8.646937        12.221355        14.009731        14.514435
        2.431555        -0.260050         0.260050        -0.000000         4.147514         5.924609         8.607006        12.251521        14.016458        14.517033
        2.437681        -0.258166         0.258166        -0.000000         4.136013         5.899091         8.566618        12.281717        14.023157        14.519637
        2.443807        -0.256281         0.256281        -0.000000         4.124606         5.873834         8.525773        12.311944        14.029830        14.522248
        2.449932        -0.254397         0.254397        -0.000000         4.113295         5.848838         8.484471        12.342202        14.036474        14.524866
        2.456058        -0.252513         0.252513        -0.000000         4.102079         5.824105         8.442712        12.372490        14.043092        14.527491
        2.462184        -0.250628         0.250628        -0.000000         4.090957         5.799633         8.400496        12.402808        14.049682        14.530122
        2.468309        -0.248744         0.248744        -0.000000         4.078414         5.770819         8.360709        12.434182        14.057356        14.532721
        2.474435        -0.246859         0.246859        -0.000000         4.065205         5.740085         8.321816        12.466071        14.065575        14.535314
        2.480561        -0.244975         0.244975        -0.000000         4.052090         5.709755         8.282355        12.497956        14.073787        14.537921
        2.486686        -0.243090         0.243090        -0.000000         4.039068         5.679831         8.242325        12.529837        14.081992        14.540542
        2.492812        -0.241206         0.241206        -0.000000         4.026139         5.650312         8.201726        12.561715        14.090189        14.543176
        2.498938        -0.239322         0.239322        -0.000000         4.013303         5.621197         8.160560        12.593588        14.098379        14.545825
        2.505063        -0.237437         0.237437        -0.000000         4.000560         5.592488         8.118825        12.625458        14.106562        14.548488
        2.511189        -0.235553         0.235553        -0.000000         3.987911         5.564184         8.076521        12.657324        14.114738        14.551164
        2.517315        -0.233668         0.233668        -0.000000         3.975355         5.536286         8.033650        12.689187        14.122907        14.553854
        2.523440        -0.231784         0.231784        -0.000000         3.962892         5.508792         7.990210        12.721045        14.131068        14.556558
        2.529566        -0.229899         0.229899        -0.000000         3.950522         5.481703         7.946202        12.752900        14.139222        14.559276
        2.535692        -0.228015         0.228015        -0.000000         3.936842         5.450589         7.905125        12.785631        14.148520        14.561919
        2.541817        -0.226131         0.226131        -0.000000         3.922303         5.417143         7.865625        12.818886        14.158555        14.564521
        2.547943        -0.224246         0.224246        -0.000000         3.907785         5.384206         7.825456        12.852099        14.168594        14.567138
        2.554069        -0.222362         0.222362        -0.000000         3.893288         5.351778         7.784619        12.885268        14.178640        14.569771
        2.560194        -0.220477         0.220477        -0.000000         3.878813         5.319857         7.743113        12.918394        14.188690        14.572420
        2.566320        -0.218593         0.218593        -0.000000         3.864359         5.288445         7.700937        12.951478        14.198746        14.575084
        2.572446        -0.216709         0.216709        -0.000000         3.849926         5.257541         7.658093        12.984518        14.208808        14.577765
        2.578571        -0.214824         0.214824        -0.000000         3.835514         5.227146         7.614580        13.017515        14.218874        14.580461
        2.584697        -0.212940         0.212940        -0.000000         3.821124         5.197259         7.570397        13.050469        14.228946        14.583173
        2.590823        -0.211055         0.211055        -0.000000         3.806754         5.167880         7.525546        13.083381        14.239024        14.585900
        2.596948        -0.209171         0.209171        -0.000000         3.792406         5.139009         7.480026        13.116249        14.249107        14.588644
        2.603074        -0.207286         0.207286        -0.000000         3.776562         5.106362         7.437459        13.149749        14.260187        14.591305
        2.609200        -0.205402         0.205402        -0.000000         3.759432         5.070821         7.397041        13.183712        14.272067        14.593915
        2.615326        -0.203518         0.203518        -0.000000         3.742203         5.035822         7.355852        13.217586        14.283954        14.596553
        2.621451        -0.201633         0.201633        -0.000000         3.724875         5.001365         7.313893        13.251373        14.295847        14.599219
        2.627577        -0.199749         0.199749        -0.000000         3.707448         4.967450         7.271162        13.285073        14.307747        14.601915
        2.633703        -0.197864         0.197864        -0.000000         3.689922         4.934077         7.227661        13.318684        14.319653        14.604639
        2.639828        -0.195980         0.195980        -0.000000         3.672297         4.901245         7.183389        13.352208        14.331566        14.607391
        2.645954        -0.194095         0.194095        -0.000000         3.654573         4.868956         7.138346        13.385644        14.343485        14.610172
        2.652080        -0.192211         0.192211        -0.000000         3.636750         4.837208         7.092532        13.418992        14.355411        14.612982
        2.658205        -0.190327         0.190327        -0.000000         3.618828         4.806002         7.045948        13.452253        14.367344        14.615820
        2.664331        -0.188442         0.188442        -0.000000         3.600807         4.775338         6.998592        13.485426        14.379283        14.618687
        2.670457        -0.186558         0.186558        -0.000000         3.581079         4.741118         6.953707        13.518880        14.391906        14.621584
        2.676582        -0.184673         0.184673        -0.000000         3.559550         4.703314         6.911214        13.552581        14.405206        14.624535
        2.682708        -0.182789         0.182789        -0.000000         3.537796         4.666014         6.867846        13.586145        14.418504        14.627544
        2.688834        -0.180905         0.180905        -0.000000         3.515818         4.629220         6.823603        13.619573        14.431800        14.630612
        2.694959        -0.179020         0.179020        -0.000000         3.493616         4.592932         6.778485        13.652866        14.445094        14.633739
        2.701085        -0.177136         0.177136        -0.000000         3.471189         4.557148         6.732492        13.686022        14.458386        14.636925
        2.707211        -0.175251         0.175251        -0.000000         3.448537         4.521870         6.685623        13.719042        14.471675        14.640170
        2.713336        -0.173367         0.173367        -0.000000         3.425661         4.487097         6.637880        13.751926        14.484963        14.643473
        2.719462        -0.171482         0.171482        -0.000000         3.402560         4.452829         6.589261        13.784674        14.498249        14.646835
        2.725588        -0.169598         0.169598        -0.000000         3.379235         4.419066         6.539767        13.817287        14.511532        14.650256
        2.731713        -0.167714         0.167714        -0.000000         3.355685         4.385809         6.489398        13.849763        14.524814        14.653736
        2.737839        -0.165829         0.165829        -0.000000         3.330443         4.349281         6.440716        13.882098        14.538397        14.657442
        2.743965        -0.163945         0.163945        -0.000000         3.303075         4.308482         6.394294        13.914256        14.552348        14.661444
        2.750090        -0.162060         0.162060        -0.000000         3.275391         4.268112         6.346899        13.946232        14.566284        14.665544
        2.756216        -0.160176         0.160176        -0.000000         3.247390         4.228170         6.298534        13.978026        14.580205        14.669740
        2.762342        -0.158291         0.158291        -0.000000         3.219074         4.188658         6.249197        14.009637        14.594111        14.674034
        2.768467        -0.156407         0.156407        -0.000000         3.190442         4.149574         6.198888        14.041066        14.608002        14.678425
        2.774593        -0.154523         0.154523        -0.000000         3.161493         4.110920         6.147609        14.072312        14.621878        14.682914
        2.780719        -0.152638         0.152638        -0.000000         3.132228         4.072694         6.095357        14.103376        14.635739        14.687500
        2.786844        -0.150754         0.150754        -0.000000         3.102647         4.034897         6.042135        14.134258        14.649585        14.692183
        2.792970        -0.148869         0.148869        -0.000000         3.072750         3.997528         5.987941        14.164958        14.663416        14.696964
        2.799096        -0.146985         0.146985        -0.000000         3.042537         3.960589         5.932776        14.195475        14.677231        14.701842
        2.805221        -0.145101         0.145101        -0.000000         3.010971         3.920802         5.878527        14.225441        14.689236        14.708876
        2.811347        -0.143216         0.143216        -0.000000         2.977432         3.876246         5.826223        14.254621        14.698281        14.719376
        2.817473        -0.141332         0.141332        -0.000000         2.943538         3.832046         5.772873        14.283583        14.707135        14.730163
        2.823598        -0.139447         0.139447        -0.000000         2.909288         3.788202         5.718477        14.312328        14.715799        14.741239
        2.829724        -0.137563         0.137563        -0.000000         2.874684         3.744714         5.663034        14.340855        14.724273        14.752603
        2.835850        -0.135678         0.135678        -0.000000         2.839724         3.701583         5.606546        14.369165        14.732557        14.764254
        2.841976        -0.133794         0.133794        -0.000000         2.804409         3.658807         5.549011        14.397256        14.740650        14.776194
        2.848101        -0.131910         0.131910        -0.000000         2.768739         3.616387         5.490430        14.425131        14.748553        14.788421
        2.854227        -0.130025         0.130025        -0.000000         2.732714         3.574323         5.430803        14.452787        14.756266        14.800937
        2.860353        -0.128141         0.128141        -0.000000         2.696334         3.532616         5.370129        14.480226        14.763788        14.813741
        2.866478        -0.126256         0.126256        -0.000000         2.659599         3.491264         5.308410        14.507447        14.771120        14.826833
        2.872604        -0.124372         0.124372        -0.000000         2.622111         3.447625         5.247095        14.533822        14.778581        14.839925
        2.878730        -0.122487         0.122487        -0.000000         2.583477         3.399032         5.187601        14.558710        14.786694        14.852518
        2.884855        -0.120603         0.120603        -0.000000         2.544495         3.350760         5.127012        14.583367        14.794925        14.865080
        2.890981        -0.118719         0.118719        -0.000000         2.505164         3.302808         5.065327        14.607793        14.803276        14.877610
        2.897107        -0.116834         0.116834        -0.000000         2.465483         3.255178         5.002546        14.631988        14.811745        14.890108
        2.903232        -0.114950         0.114950        -0.000000         2.425454         3.207868         4.938669        14.655951        14.820334        14.902574
        2.909358        -0.113065         0.113065        -0.000000         2.385076         3.160880         4.873697        14.679683        14.829040        14.915009
        2.915484        -0.111181         0.111181        -0.000000         2.344349         3.114212         4.807628        14.703184        14.837866        14.927412
        2.921609        -0.109296         0.109296        -0.000000         2.303274         3.067865         4.740464        14.726453        14.846811        14.939784
        2.927735        -0.107412         0.107412        -0.000000         2.261849         3.021838         4.672204        14.749491        14.855874        14.952123
        2.933861        -0.105528         0.105528        -0.000000         2.220075         2.976133         4.602848        14.772297        14.865056        14.964432
        2.939986        -0.103643         0.103643        -0.000000         2.178244         2.928759         4.533711        14.794132        14.874545        14.976318
        2.946112        -0.101759         0.101759        -0.000000         2.136833         2.876544         4.466870        14.813730        14.884703        14.987158
        2.952238        -0.099874         0.099874        -0.000000         2.095092         2.824666         4.398892        14.832974        14.895074        14.997968
        2.958363        -0.097990         0.097990        -0.000000         2.053022         2.773125         4.329775        14.851863        14.905658        15.008748
        2.964489        -0.096106         0.096106        -0.000000         2.010621         2.721921         4.259521        14.870397        14.916454        15.019497
        2.970615        -0.094221         0.094221        -0.000000         1.967891         2.671054         4.188128        14.888576        14.927464        15.030215
        2.976740        -0.092337         0.092337        -0.000000         1.924831         2.620524         4.115598        14.906401        14.938686        15.040903
        2.982866        -0.090452         0.090452        -0.000000         1.881442         2.570331         4.041929        14.923871        14.950120        15.051560
        2.988992        -0.088568         0.088568        -0.000000         1.837722         2.520474         3.967123        14.940986        14.961768        15.062187
        2.995117        -0.086683         0.086683        -0.000000         1.793673         2.470955         3.891179        14.957746        14.973629        15.072783
        3.001243        -0.084799         0.084799        -0.000000         1.749294         2.421773         3.814097        14.974152        14.985702        15.083348
        3.007369        -0.082915         0.082915        -0.000000         1.705450         2.371497         3.737281        14.989065        14.998448        15.093474
        3.013494        -0.081030         0.081030        -0.000000         1.664283         2.316593         3.664191        14.999860        15.012779        15.102141
        3.019620        -0.079146         0.079146        -0.000000         1.622760         2.262092         3.589882        15.010661        15.026930        15.110784
        3.025746        -0.077261         0.077261        -0.000000         1.580882         2.207994         3.514353        15.021468        15.040900        15.119401
        3.031871        -0.075377         0.075377        -0.000000         1.538647         2.154299         3.437606        15.032282        15.054691        15.127994
        3.037997        -0.073492         0.073492        -0.000000         1.496057         2.101007         3.359639        15.043100        15.068302        15.136563
        3.044123        -0.071608         0.071608        -0.000000         1.453112         2.048118         3.280453        15.053925        15.081732        15.145106
        3.050248        -0.069724         0.069724        -0.000000         1.409810         1.995632         3.200048        15.064756        15.094983        15.153625
        3.056374        -0.067839         0.067839        -0.000000         1.366153         1.943549         3.118424        15.075593        15.108054        15.162119
        3.062500        -0.065955         0.065955        -0.000000         1.322140         1.891869         3.035580        15.086435        15.120944        15.170589
        3.068625        -0.064070         0.064070        -0.000000         1.277772         1.840593         2.951518        15.097284        15.133655        15.179034
        3.074751        -0.062186         0.062186        -0.000000         1.234260         1.788683         2.867824        15.107987        15.145673        15.187099
        3.080877        -0.060302         0.060302        -0.000000         1.196359         1.732063         2.790721        15.117891        15.154982        15.193369
        3.087003        -0.058417         0.058417        -0.000000         1.157934         1.675966         2.712181        15.127717        15.164170        15.199622
        3.093128        -0.056533         0.056533        -0.000000         1.118986         1.620391         2.632206        15.137464        15.173236        15.205859
        3.099254        -0.054648         0.054648        -0.000000         1.079515         1.565338         2.550795        15.147134        15.182179        15.212078
        3.105380        -0.052764         0.052764        -0.000000         1.039520         1.510806         2.467948        15.156725        15.191001        15.218280
        3.111505        -0.050879         0.050879        -0.000000         0.999001         1.456797         2.383666        15.166238        15.199701        15.224465
        3.117631        -0.048995         0.048995        -0.000000         0.957960         1.403310         2.297947        15.175673        15.208280        15.230634
        3.123757        -0.047111         0.047111        -0.000000         0.916394         1.350345         2.210792        15.185029        15.216736        15.236785
        3.129882        -0.045226         0.045226        -0.000000         0.874306         1.297901         2.122201        15.194308        15.225071        15.242919
        3.136008        -0.043342         0.043342        -0.000000         0.831694         1.245980         2.032174        15.203508        15.233283        15.249036
        3.142134        -0.041457         0.041457        -0.000000         0.789893         1.193786         1.942477        15.212436        15.241050        15.254881
        3.148259        -0.039573         0.039573        -0.000000         0.757959         1.135866         1.865132        15.219698        15.246133        15.258664
        3.154385        -0.037688         0.037688        -0.000000         0.724978         1.078678         1.785736        15.226810        15.251149        15.262437
        3.160511        -0.035804         0.035804        -0.000000         0.690950         1.022222         1.704289        15.233775        15.256098        15.266200
        3.166636        -0.033920         0.033920        -0.000000         0.655875         0.966497         1.620792        15.240590        15.260979        15.269953
        3.172762        -0.032035         0.032035        -0.000000         0.619753         0.911503         1.535245        15.247258        15.265793        15.273695
        3.178888        -0.030151         0.030151        -0.000000         0.582585         0.857241         1.447648        15.253776        15.270541        15.277428
        3.185013        -0.028266         0.028266        -0.000000         0.544370         0.803711         1.358000        15.260146        15.275221        15.281149
        3.191139        -0.026382         0.026382        -0.000000         0.505108         0.750911         1.266302        15.266368        15.279833        15.284861
        3.197265        -0.024497         0.024497        -0.000000         0.464799         0.698844         1.172554        15.272441        15.284379        15.288562
        3.203390        -0.022613         0.022613        -0.000000         0.423443         0.647507         1.076756        15.278365        15.288858        15.292253
        3.209516        -0.020729         0.020729        -0.000000         0.382423         0.596525         0.980789        15.284006        15.293124        15.295801
        3.215642        -0.018844         0.018844        -0.000000         0.362807         0.539752         0.913531        15.287182        15.294867        15.297080
        3.221767        -0.016960         0.016960        -0.000000         0.340162         0.483487         0.841892        15.290187        15.296560        15.298352
        3.227893        -0.015075         0.015075        -0.000000         0.314486         0.427731         0.765873        15.293020        15.298202        15.299618
        3.234019        -0.013191         0.013191        -0.000000         0.285781         0.372483         0.685472        15.295682        15.299793        15.300877
        3.240144        -0.011307         0.011307        -0.000000         0.254045         0.317745         0.600690        15.298172        15.301333        15.302130
        3.246270        -0.009422         0.009422        -0.000000         0.219279         0.263515         0.511528        15.300491        15.302823        15.303376
        3.252396        -0.007538         0.007538        -0.000000         0.181484         0.209795         0.417984        15.302638        15.304262        15.304616
        3.258521        -0.005653         0.005653        -0.000000         0.140658         0.156583         0.320060        15.304614        15.305650        15.305849
        3.264647        -0.003769         0.003769        -0.000000         0.096802         0.103880         0.217754        15.306418        15.306988        15.307076
        3.270773        -0.001884         0.001884        -0.000000         0.049916         0.051685         0.111068        15.308050        15.308275        15.308297
        3.276898         0.000000         0.000000         0.000000         0.000000         0.000000         0.000000        15.309511        15.309511        15.309511
        3.281900         0.000000         0.002513        -0.000000         0.034287         0.034287         0.075505        15.308594        15.308704        15.308704
        3.286902         0.000000         0.005025        -0.000000         0.068575         0.068575         0.151011        15.307678        15.307896        15.307896
        3.291903         0.000000         0.007538        -0.000000         0.102862         0.102862         0.226516        15.306761        15.307089        15.307089
        3.296905         0.000000         0.010050        -0.000000         0.137149         0.137149         0.302022        15.305844        15.306282        15.306282
        3.301906         0.000000         0.012563        -0.000000         0.171437         0.171437         0.377527        15.304927        15.305475        15.305475
        3.306908         0.000000         0.015075        -0.000000         0.205724         0.205724         0.453032        15.304011        15.304667        15.304667
        3.311910         0.000000         0.017588        -0.000000         0.240011         0.240011         0.528538        15.303094        15.303860        15.303860
        3.316911         0.000000         0.020101        -0.000000         0.274299         0.274299         0.604043        15.302177        15.303053        15.303053
        3.321913         0.000000         0.022613        -0.000000         0.308690         0.308691         0.679304        15.299980        15.301119        15.301119
        3.326914         0.000000         0.025126        -0.000000         0.343125         0.343125         0.754464        15.297255        15.298720        15.298720
        3.331916         0.000000         0.027638        -0.000000         0.377560         0.377560         0.829625        15.294530        15.296322        15.296322
        3.336918         0.000000         0.030151        -0.000000         0.411995         0.411995         0.904785        15.291805        15.293924        15.293924
        3.341919         0.000000         0.032663        -0.000000         0.446430         0.446430         0.979946        15.289080        15.291525        15.291525
        3.346921         0.000000         0.035176        -0.000000         0.480864         0.480865         1.055106        15.286355        15.289127        15.289127
        3.351922         0.000000         0.037688        -0.000000         0.515299         0.515299         1.130267        15.283630        15.286729        15.286729
        3.356924         0.000000         0.040201        -0.000000         0.549734         0.549734         1.205427        15.280905        15.284330        15.284330
        3.361926         0.000000         0.042714        -0.000000         0.584259         0.584259         1.280303        15.277457        15.281299        15.281299
        3.366927         0.000000         0.045226        -0.000000         0.618910         0.618910         1.354782        15.272997        15.277382        15.277382
        3.371929         0.000000         0.047739        -0.000000         0.653560         0.653560         1.429261        15.268537        15.273465        15.273465
        3.376930         0.000000         0.050251        -0.000000         0.688211         0.688211         1.503740        15.264077        15.269548        15.269548
        3.381932         0.000000         0.052764        -0.000000         0.722862         0.722862         1.578219        15.259617        15.265630        15.265630
        3.386934         0.000000         0.055276        -0.000000         0.757512         0.757512         1.652697        15.255157        15.261713        15.261713
        3.391935         0.000000         0.057789        -0.000000         0.792163         0.792163         1.727176        15.250697        15.257796        15.257796
        3.396937         0.000000         0.060302        -0.000000         0.826814         0.826814         1.801655        15.246237        15.253879        15.253879
        3.401938         0.000000         0.062814        -0.000000         0.861482         0.861483         1.876009        15.241574        15.249787        15.249787
        3.406940         0.000000         0.065327        -0.000000         0.896276         0.896276         1.949488        15.235493        15.244477        15.244477
        3.411941         0.000000         0.067839        -0.000000         0.931070         0.931070         2.022968        15.229412        15.239167        15.239168
        3.416943         0.000000         0.070352        -0.000000         0.965864         0.965864         2.096448        15.223331        15.233858        15.233858
        3.421945         0.000000         0.072864        -0.000000         1.000658         1.000658         2.169928        15.217250        15.228548        15.228548
        3.426946         0.000000         0.075377        -0.000000         1.035451         1.035452         2.243407        15.211169        15.223238        15.223238
        3.431948         0.000000         0.077889        -0.000000         1.070245         1.070245         2.316887        15.205088        15.217928        15.217928
        3.436949         0.000000         0.080402        -0.000000         1.105039         1.105039         2.390367        15.199007        15.212618        15.212618
        3.441951         0.000000         0.082915        -0.000000         1.139833         1.139833         2.463847        15.192926        15.207308        15.207308
        3.446953         0.000000         0.085427        -0.000000         1.174539         1.174539         2.536258        15.185612        15.200992        15.200992
        3.451954         0.000000         0.087940        -0.000000         1.209228         1.209229         2.608456        15.178052        15.194475        15.194475
        3.456956         0.000000         0.090452        -0.000000         1.243918         1.243918         2.680653        15.170492        15.187958        15.187958
        3.461957         0.000000         0.092965        -0.000000         1.278607         1.278607         2.752851        15.162933        15.181441        15.181441
        3.466959         0.000000         0.095477        -0.000000         1.313296         1.313296         2.825049        15.155373        15.174924        15.174924
        3.471961         0.000000         0.097990        -0.000000         1.347985         1.347985         2.897246        15.147813        15.168406        15.168406
        3.476962         0.000000         0.100503        -0.000000         1.382674         1.382674         2.969444        15.140253        15.161889        15.161889
        3.481964         0.000000         0.103015        -0.000000         1.417363         1.417363         3.041642        15.132693        15.155372        15.155372
        3.486965         0.000000         0.105528        -0.000000         1.451766         1.451766         3.113019        15.124414        15.148336        15.148336
        3.491967         0.000000         0.108040        -0.000000         1.485927         1.485927         3.183703        15.115527        15.140860        15.140860
        3.496969         0.000000         0.110553        -0.000000         1.520088         1.520088         3.254387        15.106640        15.133384        15.133384
        3.501970         0.000000         0.113065        -0.000000         1.554249         1.554250         3.325071        15.097753        15.125909        15.125909
        3.506972         0.000000         0.115578        -0.000000         1.588411         1.588411         3.395755        15.088866        15.118433        15.118433
        3.511973         0.000000         0.118090        -0.000000         1.622572         1.622572         3.466439        15.079979        15.110957        15.110957
        3.516975         0.000000         0.120603        -0.000000         1.656733         1.656733         3.537123        15.071092        15.103481        15.103481
        3.521977         0.000000         0.123116        -0.000000         1.690894         1.690894         3.607807        15.062205        15.096006        15.096006
        3.526978         0.000000         0.125628        -0.000000         1.724781         1.724781         3.678070        15.053020        15.088367        15.088367
        3.531980         0.000000         0.128141        -0.000000         1.757847         1.757847         3.747074        15.042944        15.080240        15.080240
        3.536981         0.000000         0.130653        -0.000000         1.790912         1.790912         3.816077        15.032868        15.072113        15.072113
        3.541983         0.000000         0.133166        -0.000000         1.823977         1.823977         3.885081        15.022793        15.063986        15.063986
        3.546984         0.000000         0.135678        -0.000000         1.857043         1.857043         3.954084        15.012717        15.055859        15.055859
        3.551986         0.000000         0.138191        -0.000000         1.890108         1.890108         4.023088        15.002641        15.047732        15.047732
        3.556988         0.000000         0.140704        -0.000000         1.923173         1.923173         4.092091        14.992565        15.039605        15.039605
        3.561989         0.000000         0.143216        -0.000000         1.956239         1.956239         4.161094        14.982489        15.031478        15.031478
        3.566991         0.000000         0.145729        -0.000000         1.989304         1.989304         4.230098        14.972413        15.023351        15.023351
        3.571992         0.000000         0.148241        -0.000000         2.020689         2.020689         4.297399        14.961296        15.014940        15.014940
        3.576994         0.000000         0.150754        -0.000000         2.052001         2.052001         4.364626        14.950133        15.006516        15.006516
        3.581996         0.000000         0.153266        -0.000000         2.083313         2.083313         4.431853        14.938971        14.998092        14.998092
        3.586997         0.000000         0.155779        -0.000000         2.114625         2.114625         4.499081        14.927808        14.989667        14.989667
        3.591999         0.000000         0.158291        -0.000000         2.145937         2.145937         4.566308        14.916646        14.981243        14.981243
        3.597000         0.000000         0.160804        -0.000000         2.177249         2.177249         4.633535        14.905483        14.972819        14.972819
        3.602002         0.000000         0.163317        -0.000000         2.208561         2.208561         4.700762        14.894321        14.964395        14.964395
        3.607004         0.000000         0.165829        -0.000000         2.239873         2.239873         4.767989        14.883158        14.955971        14.955971
        3.612005         0.000000         0.168342        -0.000000         2.269565         2.269565         4.834012        14.871303        14.947600        14.947600
        3.617007         0.000000         0.170854        -0.000000         2.298447         2.298447         4.899431        14.859102        14.939256        14.939256
        3.622008         0.000000         0.173367        -0.000000         2.327329         2.327329         4.964851        14.846901        14.930913        14.930913
        3.627010         0.000000         0.175879        -0.000000         2.356211         2.356211         5.030270        14.834700        14.922569        14.922569
        3.632012         0.000000         0.178392        -0.000000         2.385093         2.385093         5.095690        14.822499        14.914225        14.914225
        3.637013         0.000000         0.180905        -0.000000         2.413975         2.413975         5.161109        14.810298        14.905881        14.905881
        3.642015         0.000000         0.183417        -0.000000         2.442857         2.442857         5.226529        14.798096        14.897537        14.897537
        3.647016         0.000000         0.185930        -0.000000         2.471739         2.471739         5.291949        14.785895        14.889193        14.889193
        3.652018         0.000000         0.188442        -0.000000         2.499477         2.499477         5.356696        14.773299        14.881018        14.881018
        3.657020         0.000000         0.190955        -0.000000         2.525308         2.525308         5.420322        14.760044        14.873123        14.873123
        3.662021         0.000000         0.193467        -0.000000         2.551139         2.551139         5.483948        14.746789        14.865228        14.865228
        3.667023         0.000000         0.195980        -0.000000         2.576970         2.576970         5.547574        14.733534        14.857333        14.857333
        3.672024         0.000000         0.198492        -0.000000         2.602801         2.602802         5.611201        14.720279        14.849438        14.849438
        3.677026         0.000000         0.201005        -0.000000         2.628633         2.628633         5.674827        14.707025        14.841543        14.841543
        3.682027         0.000000         0.203518        -0.000000         2.654464         2.654464         5.738453        14.693770        14.833648        14.833648
        3.687029         0.000000         0.206030        -0.000000         2.680295         2.680295         5.802080        14.680515        14.825753        14.825753
        3.692031         0.000000         0.208543        -0.000000         2.705831         2.705831         5.865559        14.667166        14.817922        14.817922
        3.697032         0.000000         0.211055        -0.000000         2.728117         2.728117         5.927426        14.652783        14.810800        14.810800
        3.702034         0.000000         0.213568        -0.000000         2.750403         2.750403         5.989293        14.638400        14.803677        14.803677
        3.707035         0.000000         0.216080        -0.000000         2.772689         2.772690         6.051159        14.624017        14.796555        14.796555
        3.712037         0.000000         0.218593        -0.000000         2.794976         2.794976         6.113026        14.609634        14.789433        14.789433
        3.717039         0.000000         0.221106        -0.000000         2.817262         2.817262         6.174892        14.595251        14.782310        14.782310
        3.722040         0.000000         0.223618        -0.000000         2.839548         2.839548         6.236759        14.580868        14.775188        14.775188
        3.727042         0.000000         0.226131        -0.000000         2.861835         2.861835         6.298626        14.566484        14.768065        14.768065
        3.732043         0.000000         0.228643        -0.000000         2.884121         2.884121         6.360492        14.552101        14.760943        14.760943
        3.737045         0.000000         0.231156        -0.000000         2.903355         2.903355         6.420986        14.536731        14.754626        14.754626
        3.742047         0.000000         0.233668        -0.000000         2.921786         2.921786         6.481118        14.521101        14.748520        14.748521
        3.747048         0.000000         0.236181        -0.000000         2.940216         2.940216         6.541250        14.505471        14.742415        14.742415
        3.752050         0.000000         0.238693        -0.000000         2.958647         2.958647         6.601382        14.489841        14.736310        14.736310
        3.757051         0.000000         0.241206        -0.000000         2.977078         2.977078         6.661514        14.474212        14.730205        14.730205
        3.762053         0.000000         0.243719        -0.000000         2.995508         2.995509         6.721646        14.458582        14.724099        14.724099
        3.767055         0.000000         0.246231        -0.000000         3.013939         3.013939         6.781779        14.442952        14.717994        14.717994
        3.772056         0.000000         0.248744        -0.000000         3.032370         3.032370         6.841911        14.427322        14.711889        14.711889
        3.777058         0.000000         0.251256        -0.000000         3.048826         3.048826         6.901173        14.410999        14.706362        14.706362
        3.782059         0.000000         0.253769        -0.000000         3.063309         3.063309         6.959566        14.393982        14.701415        14.701415
        3.787061         0.000000         0.256281        -0.000000         3.077791         3.077791         7.017958        14.376966        14.696468        14.696468
        3.792063         0.000000         0.258794        -0.000000         3.092274         3.092274         7.076350        14.359950        14.691520        14.691520
        3.797064         0.000000         0.261307        -0.000000         3.106756         3.106756         7.134743        14.342934        14.686573        14.686573
        3.802066         0.000000         0.263819        -0.000000         3.121238         3.121238         7.193135        14.325917        14.681626        14.681626
        3.807067         0.000000         0.266332        -0.000000         3.135721         3.135721         7.251528        14.308901        14.676679        14.676679
        3.812069         0.000000         0.268844        -0.000000         3.150203         3.150203         7.309920        14.291885        14.671731        14.671731
        3.817070         0.000000         0.271357        -0.000000         3.163891         3.163891         7.367941        14.274552        14.667031        14.667031
        3.822072         0.000000         0.273869        -0.000000         3.174559         3.174559         7.424546        14.256017        14.663270        14.663270
        3.827074         0.000000         0.276382        -0.000000         3.185228         3.185228         7.481151        14.237481        14.659509        14.659509
        3.832075         0.000000         0.278894        -0.000000         3.195896         3.195896         7.537757        14.218945        14.655748        14.655748
        3.837077         0.000000         0.281407        -0.000000         3.206564         3.206564         7.594362        14.200410        14.651987        14.651987
        3.842078         0.000000         0.283920        -0.000000         3.217232         3.217233         7.650967        14.181874        14.648226        14.648226
        3.847080         0.000000         0.286432        -0.000000         3.227901         3.227901         7.707573        14.163339        14.644464        14.644464
        3.852082         0.000000         0.288945        -0.000000         3.238569         3.238569         7.764178        14.144803        14.640703        14.640703
        3.857083         0.000000         0.291457        -0.000000         3.249237         3.249237         7.820784        14.126267        14.636942        14.636942
        3.862085         0.000000         0.293970        -0.000000         3.256724         3.256724         7.875667        14.106247        14.634199        14.634199
        3.867086         0.000000         0.296482        -0.000000         3.263921         3.263921         7.930394        14.086092        14.631547        14.631547
        3.872088         0.000000         0.298995        -0.000000         3.271119         3.271119         7.985121        14.065937        14.628896        14.628896
        3.877090         0.000000         0.301508        -0.000000         3.278316         3.278316         8.039847        14.045782        14.626245        14.626245
        3.882091         0.000000         0.304020        -0.000000         3.285513         3.285513         8.094574        14.025627        14.623594        14.623594
        3.887093         0.000000         0.306533        -0.000000         3.292711         3.292711         8.149301        14.005472        14.620943        14.620943
        3.892094         0.000000         0.309045        -0.000000         3.299908         3.299908         8.204028        13.985317        14.618292        14.618292
        3.897096         0.000000         0.311558        -0.000000         3.307105         3.307105         8.258755        13.965162        14.615640        14.615640
        3.902098         0.000000         0.314070        -0.000000         3.312453         3.312453         8.312226        13.943968        14.613585        14.613585
        3.907099         0.000000         0.316583        -0.000000         3.316690         3.316690         8.364945        13.922149        14.611886        14.611886
        3.912101         0.000000         0.319095        -0.000000         3.320927         3.320927         8.417663        13.900331        14.610188        14.610188
        3.917102         0.000000         0.321608        -0.000000         3.325164         3.325164         8.470382        13.878512        14.608489        14.608489
        3.922104         0.000000         0.324121        -0.000000         3.329401         3.329401         8.523100        13.856694        14.606791        14.606791
        3.927106         0.000000         0.326633        -0.000000         3.333638         3.333638         8.575818        13.834875        14.605092        14.605092
        3.932107         0.000000         0.329146        -0.000000         3.337875         3.337875         8.628537        13.813057        14.603394        14.603394
        3.937109         0.000000         0.331658        -0.000000         3.342112         3.342112         8.681255        13.791239        14.601696        14.601696
        3.942110         0.000000         0.334171        -0.000000         3.345569         3.345569         8.733250        13.768876        14.600246        14.600246
        3.947112         0.000000         0.336683        -0.000000         3.347465         3.347465         8.783799        13.745425        14.599295        14.599295
        3.952114         0.000000         0.339196        -0.000000         3.349361         3.349361         8.834348        13.721974        14.598345        14.598345
        3.957115         0.000000         0.341709        -0.000000         3.351258         3.351258         8.884896        13.698523        14.597394        14.597394
        3.962117         0.000000         0.344221        -0.000000         3.353154         3.353154         8.935445        13.675072        14.596443        14.596443
        3.967118         0.000000         0.346734        -0.000000         3.355050         3.355050         8.985994        13.651621        14.595492        14.595492
        3.972120         0.000000         0.349246        -0.000000         3.356946         3.356946         9.036542        13.628170        14.594541        14.594541
        3.977121         0.000000         0.351759        -0.000000         3.358843         3.358843         9.087091        13.604719        14.593591        14.593591
        3.982123         0.000000         0.354271        -0.000000         3.360669         3.360669         9.137541        13.581205        14.592662        14.592662
        3.987125         0.000000         0.356784        -0.000000         3.360884         3.360884         9.185730        13.556244        14.592241        14.592241
        3.992126         0.000000         0.359296        -0.000000         3.361100         3.361100         9.233918        13.531283        14.591820        14.591820
        3.997128         0.000000         0.361809        -0.000000         3.361316         3.361316         9.282106        13.506322        14.591399        14.591399
        4.002129         0.000000         0.364322        -0.000000         3.361531         3.361531         9.330295        13.481362        14.590978        14.590978
        4.007131         0.000000         0.366834        -0.000000         3.361747         3.361747         9.378483        13.456401        14.590557        14.590557
        4.012133         0.000000         0.369347        -0.000000         3.361962         3.361962         9.426672        13.431440        14.590137        14.590137
        4.017134         0.000000         0.371859        -0.000000         3.362178         3.362178         9.474860        13.406479        14.589716        14.589716
        4.022136         0.000000         0.374372        -0.000000         3.362394         3.362394         9.523049        13.381518        14.589295        14.589295
        4.027137         0.000000         0.376884        -0.000000         3.361824         3.361824         9.569291        13.355603        14.589122        14.589122
        4.032139         0.000000         0.379397        -0.000000         3.360992         3.360992         9.614884        13.329369        14.589031        14.589031
        4.037141         0.000000         0.381910        -0.000000         3.360160         3.360160         9.660477        13.303136        14.588941        14.588941
        4.042142         0.000000         0.384422        -0.000000         3.359328         3.359328         9.706071        13.276903        14.588850        14.588850
        4.047144         0.000000         0.386935        -0.000000         3.358496         3.358497         9.751664        13.250670        14.588759        14.588759
        4.052145         0.000000         0.389447        -0.000000         3.357665         3.357665         9.797257        13.224436        14.588669        14.588669
        4.057147         0.000000         0.391960        -0.000000         3.356833         3.356833         9.842851        13.198203        14.588578        14.588578
        4.062149         0.000000         0.394472        -0.000000         3.356001         3.356001         9.888444        13.171970        14.588488        14.588488
        4.067150         0.000000         0.396985        -0.000000         3.354941         3.354941         9.932694        13.145339        14.588475        14.588475
        4.072152         0.000000         0.399497        -0.000000         3.353611         3.353611         9.975355        13.118239        14.588554        14.588554
        4.077153         0.000000         0.402010        -0.000000         3.352281         3.352281        10.018017        13.091139        14.588633        14.588633
        4.082155         0.000000         0.404523        -0.000000         3.350952         3.350952        10.060679        13.064039        14.588712        14.588712
        4.087157         0.000000         0.407035        -0.000000         3.349622         3.349622        10.103340        13.036939        14.588791        14.588791
        4.092158         0.000000         0.409548        -0.000000         3.348292         3.348292        10.146002        13.009839        14.588871        14.588871
        4.097160         0.000000         0.412060        -0.000000         3.346962         3.346962        10.188663        12.982739        14.588950        14.588950
        4.102161         0.000000         0.414573        -0.000000         3.345632         3.345632        10.231325        12.955639        14.589029        14.589029
        4.107163         0.000000         0.417085        -0.000000         3.344291         3.344291        10.273397        12.928515        14.589118        14.589118
        4.112164         0.000000         0.419598        -0.000000         3.342892         3.342892        10.312520        12.901274        14.589254        14.589254
        4.117166         0.000000         0.422111        -0.000000         3.341493         3.341493        10.351644        12.874033        14.589390        14.589390
        4.122168         0.000000         0.424623        -0.000000         3.340094         3.340094        10.390767        12.846792        14.589526        14.589526
        4.127169         0.000000         0.427136        -0.000000         3.338695         3.338695        10.429890        12.819551        14.589662        14.589662
        4.132171         0.000000         0.429648        -0.000000         3.337296         3.337296        10.469013        12.792310        14.589799        14.589799
        4.137172         0.000000         0.432161        -0.000000         3.335896         3.335896        10.508137        12.765069        14.589935        14.589935
        4.142174         0.000000         0.434673        -0.000000         3.334497         3.334497        10.547260        12.737828        14.590071        14.590071
        4.147176         0.000000         0.437186        -0.000000         3.333098         3.333098        10.586383        12.710587        14.590207        14.590207
        4.152177         0.000000         0.439698        -0.000000         3.331899         3.331899        10.621226        12.684532        14.590335        14.590335
        4.157179         0.000000         0.442211        -0.000000         3.330729         3.330729        10.655456        12.658647        14.590461        14.590461
        4.162180         0.000000         0.444724        -0.000000         3.329558         3.329558        10.689687        12.632762        14.590587        14.590587
        4.167182         0.000000         0.447236        -0.000000         3.328387         3.328387        10.723918        12.606877        14.590713        14.590713
        4.172184         0.000000         0.449749        -0.000000         3.327217         3.327217        10.758148        12.580991        14.590839        14.590839
        4.177185         0.000000         0.452261        -0.000000         3.326046         3.326046        10.792379        12.555106        14.590965        14.590965
        4.182187         0.000000         0.454774        -0.000000         3.324875         3.324875        10.826610        12.529221        14.591091        14.591091
        4.187188         0.000000         0.457286        -0.000000         3.323705         3.323705        10.860841        12.503336        14.591217        14.591217
        4.192190         0.000000         0.459799        -0.000000         3.322773         3.322773        10.890239        12.480298        14.591318        14.591318
        4.197192         0.000000         0.462312        -0.000000         3.322011         3.322011        10.916187        12.459293        14.591401        14.591401
        4.202193         0.000000         0.464824        -0.000000         3.321249         3.321249        10.942134        12.438289        14.591485        14.591485
        4.207195         0.000000         0.467337        -0.000000         3.320487         3.320487        10.968081        12.417285        14.591568        14.591568
        4.212196         0.000000         0.469849        -0.000000         3.319725         3.319725        10.994029        12.396280        14.591651        14.591651
        4.217198         0.000000         0.472362        -0.000000         3.318963         3.318963        11.019976        12.375276        14.591734        14.591734
        4.222200         0.000000         0.474874        -0.000000         3.318201         3.318201        11.045923        12.354272        14.591818        14.591818
        4.227201         0.000000         0.477387        -0.000000         3.317439         3.317439        11.071871        12.333267        14.591901        14.591901
        4.232203         0.000000         0.479899        -0.000000         3.316823         3.316823        11.093305        12.315812        14.591968        14.591968
        4.237204         0.000000         0.482412        -0.000000         3.316560         3.316560        11.103779        12.306974        14.591997        14.591997
        4.242206         0.000000         0.484925        -0.000000         3.316297         3.316297        11.114252        12.298137        14.592026        14.592026
        4.247207         0.000000         0.487437        -0.000000         3.316034         3.316034        11.124726        12.289299        14.592054        14.592054
        4.252209         0.000000         0.489950        -0.000000         3.315771         3.315771        11.135200        12.280461        14.592083        14.592083
        4.257211         0.000000         0.492462        -0.000000         3.315508         3.315508        11.145674        12.271624        14.592111        14.592111
        4.262212         0.000000         0.494975        -0.000000         3.315246         3.315246        11.156147        12.262786        14.592140        14.592140
        4.267214         0.000000         0.497487        -0.000000         3.314983         3.314983        11.166621        12.253949        14.592169        14.592169
        4.272215         0.000000         0.500000        -0.000000         3.314720         3.314720        11.177095        12.245111        14.592197        14.592197
