# Phonon dispersion from ShengBTE
# Path: G -> K -> M -> G
# Tick positions:
#       G  d = 0.000000
#       K  d = 1.710820
#       M  d = 2.566230
#       G  d = 4.047844
#       distance               qx               qy               qz     omega_1(THz)     omega_2(THz)     omega_3(THz)     omega_4(THz)     omega_5(THz)     omega_6(THz)
        0.000000         0.000000         0.000000         0.000000         0.000000         0.000000         0.000000        26.874348        48.105724        48.105724
        0.008597         0.001675         0.001675         0.000000         0.008983         0.207396         0.326273        26.873946        48.104501        48.107646
        0.017194         0.003350         0.003350         0.000000         0.018574         0.395626         0.617329        26.873402        48.102888        48.110263
        0.025791         0.005025         0.005025         0.000000         0.027935         0.586158         0.909625        26.872311        48.099640        48.115426
        0.034388         0.006700         0.006700         0.000000         0.037871         0.780768         1.211819        26.870820        48.095199        48.122523
        0.042985         0.008375         0.008375         0.000000         0.048622         0.971349         1.508829        26.869038        48.089909        48.130997
        0.051583         0.010050         0.010050         0.000000         0.059236         1.167367         1.810865        26.866602        48.082672        48.142364
        0.060180         0.011725         0.011725         0.000000         0.071178         1.358808         2.110636        26.864016        48.075015        48.154562
        0.068777         0.013400         0.013400         0.000000         0.083199         1.553882         2.410507        26.860742        48.065338        48.169543
        0.077374         0.015075         0.015075         0.000000         0.096297         1.747033         2.710625        26.857209        48.054918        48.185761
        0.085971         0.016750         0.016750         0.000000         0.110241         1.940028         3.009791        26.853238        48.043243        48.203707
        0.094568         0.018425         0.018425         0.000000         0.124877         2.134066         3.308552        26.848758        48.030114        48.223581
        0.103165         0.020101         0.020100         0.000000         0.140738         2.325630         3.608066        26.844084        48.016443        48.244404
        0.111762         0.021776         0.021776         0.000000         0.157245         2.520177         3.904766        26.838656        48.000671        48.267515
        0.120359         0.023451         0.023451         0.000000         0.174927         2.712241         4.202965        26.833069        47.984457        48.291455
        0.128956         0.025126         0.025126         0.000000         0.193637         2.905394         4.499095        26.826897        47.966668        48.316971
        0.137553         0.026801         0.026801         0.000000         0.213367         3.097982         4.795119        26.820357        47.947881        48.343634
        0.146150         0.028476         0.028476         0.000000         0.234227         3.289662         5.091178        26.813476        47.928194        48.371274
        0.154748         0.030151         0.030151         0.000000         0.256229         3.482585         5.384777        26.805978        47.906919        48.400145
        0.163345         0.031826         0.031826         0.000000         0.279207         3.673355         5.679995        26.798318        47.885194        48.429711
        0.171942         0.033501         0.033501         0.000000         0.303609         3.866040         5.971709        26.789923        47.861680        48.460222
        0.180539         0.035176         0.035176         0.000000         0.328944         4.057101         6.264280        26.781298        47.837559        48.491360
        0.189136         0.036851         0.036851         0.000000         0.355580         4.248289         6.555584        26.772182        47.812279        48.523050
        0.197733         0.038526         0.038526         0.000000         0.383434         4.439549         6.845502        26.762585        47.785862        48.555201
        0.206330         0.040201         0.040201         0.000000         0.412206         4.629253         7.136029        26.752746        47.758839        48.587772
        0.214927         0.041876         0.041876         0.000000         0.442710         4.820662         7.423404        26.742167        47.730235        48.620382
        0.223524         0.043551         0.043551         0.000000         0.473912         5.009994         7.711618        26.731423        47.701176        48.653320
        0.232121         0.045226         0.045226         0.000000         0.506805         5.200381         7.997680        26.720028        47.670809        48.686033
        0.240718         0.046901         0.046901         0.000000         0.540692         5.389818         8.283163        26.708291        47.639675        48.718741
        0.249315         0.048576         0.048576         0.000000         0.575746         5.578638         8.568015        26.696155        47.607725        48.751281
        0.257913         0.050251         0.050251         0.000000         0.612416         5.768163         8.850975        26.683410        47.574632        48.783234
        0.266510         0.051926         0.051926         0.000000         0.649638         5.955559         9.134007        26.670501        47.541083        48.815203
        0.275107         0.053601         0.053601         0.000000         0.689093         6.144977         9.414787        26.656762        47.506194        48.845965
        0.283704         0.055276         0.055276         0.000000         0.729118         6.332423         9.695140        26.642829        47.470805        48.876525
        0.292301         0.056951         0.056951         0.000000         0.770732         6.520208         9.974339        26.628326        47.434505        48.906124
        0.300898         0.058626         0.058626         0.000000         0.813631         6.707707        10.252276        26.613351        47.397401        48.934826
        0.309495         0.060302         0.060301         0.000000         0.857341         6.893813        10.529403        26.598080        47.359716        48.962938
        0.318092         0.061977         0.061977         0.000000         0.903166         7.081368        10.805187        26.582043        47.321020        48.989378
        0.326689         0.063652         0.063652         0.000000         0.949382         7.266701        11.079877        26.565842        47.281860        49.015346
        0.335286         0.065327         0.065327         0.000000         0.997716         7.453376        11.353667        26.548878        47.241810        49.039506
        0.343883         0.067002         0.067002         0.000000         1.046858         7.638749        11.626106        26.531592        47.201182        49.062707
        0.352481         0.068677         0.068677         0.000000         1.097270         7.823711        11.897547        26.513827        47.159921        49.084592
        0.361078         0.070352         0.070352         0.000000         1.149366         8.009128        12.167984        26.495433        47.117948        49.104733
        0.369675         0.072027         0.072027         0.000000         1.201815         8.192376        12.436703        26.476861        47.075500        49.124086
        0.378272         0.073702         0.073702         0.000000         1.256882         8.377828        12.705348        26.457331        47.032306        49.140927
        0.386869         0.075377         0.075377         0.000000         1.312232         8.561050        12.971977        26.437637        46.988639        49.156884
        0.395466         0.077052         0.077052         0.000000         1.369374         8.744855        13.238072        26.417253        46.944402        49.170862
        0.404063         0.078727         0.078727         0.000000         1.427670         8.928119        13.502846        26.396394        46.899631        49.183224
        0.412660         0.080402         0.080402         0.000000         1.486809         9.110236        13.766073        26.375163        46.854378        49.194192
        0.421257         0.082077         0.082077         0.000000         1.548044         9.293520        14.029143        26.353110        46.808625        49.202833
        0.429854         0.083752         0.083752         0.000000         1.609514         9.474650        14.289797        26.330889        46.762392        49.210406
        0.438451         0.085427         0.085427         0.000000         1.673305         9.657284        14.550768        26.307743        46.715760        49.215488
        0.447048         0.087102         0.087102         0.000000         1.737674         9.838459        14.809678        26.284295        46.668659        49.219201
        0.455646         0.088777         0.088777         0.000000         1.803398        10.019459        15.067658        26.260252        46.621174        49.221045
        0.464243         0.090452         0.090452         0.000000         1.870638        10.200640        15.324899        26.235545        46.573320        49.220878
        0.472840         0.092127         0.092127         0.000000         1.938262        10.380112        15.579788        26.210593        46.525006        49.219433
        0.481437         0.093802         0.093802         0.000000         2.008336        10.561242        15.835369        26.184595        46.476510        49.215403
        0.490034         0.095477         0.095477         0.000000         2.078590        10.740464        16.088286        26.158419        46.427529        49.210200
        0.498631         0.097152         0.097152         0.000000         2.150691        10.920329        16.341028        26.131399        46.378362        49.202812
        0.507228         0.098827         0.098827         0.000000         2.223715        11.099540        16.592238        26.103895        46.328848        49.193800
        0.515825         0.100503         0.100502         0.000000         2.297623        11.277981        16.841842        26.075910        46.279011        49.183202
        0.524422         0.102178         0.102178         0.000000         2.373361        11.457102        17.091274        26.047044        46.229067        49.170472
        0.533019         0.103853         0.103853         0.000000         2.449252        11.634558        17.338088        26.017988        46.178646        49.156610
        0.541616         0.105528         0.105528         0.000000         2.527432        11.813226        17.585325        25.987817        46.128315        49.140389
        0.550214         0.107203         0.107203         0.000000         2.605960        11.990640        17.830309        25.957361        46.077570        49.122966
        0.558811         0.108878         0.108878         0.000000         2.685829        12.167995        18.074341        25.926166        46.026723        49.103772
        0.567408         0.110553         0.110553         0.000000         2.766922        12.345270        18.317351        25.894276        45.975750        49.082921
        0.576005         0.112228         0.112228         0.000000         2.848447        12.521496        18.558279        25.862039        45.924423        49.060879
        0.584602         0.113903         0.113903         0.000000         2.932027        12.698523        18.799129        25.828683        45.873310        49.036740
        0.593199         0.115578         0.115578         0.000000         3.015724        12.874328        19.037656        25.795116        45.821754        49.011667
        0.601796         0.117253         0.117253         0.000000         3.101159        13.050480        19.275574        25.760532        45.770377        48.984709
        0.610393         0.118928         0.118928         0.000000         3.187248        13.226077        19.511861        25.725459        45.718783        48.956575
        0.618990         0.120603         0.120603         0.000000         3.274199        13.401219        19.746614        25.689773        45.667079        48.927130
        0.627587         0.122278         0.122278         0.000000         3.362591        13.576486        19.980438        25.653163        45.615526        48.896077
        0.636184         0.123953         0.123953         0.000000         3.451077        13.750847        20.212213        25.616326        45.563570        48.864275
        0.644781         0.125628         0.125628         0.000000         3.541625        13.925622        20.443301        25.578180        45.512105        48.830472
        0.653379         0.127303         0.127303         0.000000         3.632311        14.099683        20.672518        25.539767        45.460287        48.795980
        0.661976         0.128978         0.128978         0.000000         3.724218        14.273548        20.900361        25.500460        45.408640        48.760053
        0.670573         0.130653         0.130653         0.000000         3.817009        14.447176        21.126783        25.460442        45.357029        48.722990
        0.679170         0.132328         0.132328         0.000000         3.910236        14.620313        21.351521        25.419957        45.305253        48.685095
        0.687767         0.134003         0.134003         0.000000         4.005035        14.793379        21.574917        25.378306        45.253909        48.645565
        0.696364         0.135678         0.135678         0.000000         4.099888        14.965986        21.796670        25.336402        45.202244        48.605569
        0.704961         0.137353         0.137353         0.000000         4.196249        15.138330        22.016826        25.293313        45.151039        48.563943
        0.713558         0.139029         0.139028         0.000000         4.292998        15.310381        22.235454        25.249741        45.099727        48.521647
        0.722155         0.140704         0.140703         0.000000         4.390512        15.482056        22.452411        25.205418        45.048527        48.478328
        0.730752         0.142379         0.142378         0.000000         4.489057        15.653420        22.667710        25.160153        44.997615        48.433792
        0.739349         0.144054         0.144054         0.000000         4.587681        15.824563        22.881555        25.114579        44.946478        48.388888
        0.747946         0.145729         0.145729         0.000000         4.687922        15.995119        23.093357        25.067597        44.896007        48.342153
        0.756544         0.147404         0.147404         0.000000         4.788175        16.165574        23.303802        25.020337        44.845313        48.295155
        0.765141         0.149079         0.149079         0.000000         4.889451        16.335478        23.512307        24.972035        44.794992        48.246839
        0.773738         0.150754         0.150754         0.000000         4.991285        16.505105        23.719177        24.923027        44.744804        48.197708
        0.782335         0.152429         0.152429         0.000000         5.093500        16.674475        23.924463        24.873428        44.694655        48.147915
        0.790932         0.154104         0.154104         0.000000         5.196817        16.843164        24.127649        24.822652        44.644999        48.096643
        0.799529         0.155779         0.155779         0.000000         5.300116        17.011915        24.329563        24.771585        44.595183        48.045167
        0.808126         0.157454         0.157454         0.000000         5.404630        17.179724        24.503902        24.744437        44.545966        47.991968
        0.816723         0.159129         0.159129         0.000000         5.509298        17.347496        24.610353        24.783297        44.496730        47.938335
        0.825320         0.160804         0.160804         0.000000         5.614581        17.514742        24.612577        24.923645        44.447764        47.883643
        0.833917         0.162479         0.162479         0.000000         5.720522        17.681438        24.557904        25.118037        44.399120        47.827807
        0.842514         0.164154         0.164154         0.000000         5.826531        17.848155        24.502818        25.311043        44.350439        47.771587
        0.851112         0.165829         0.165829         0.000000         5.933650        18.013694        24.446317        25.501659        44.302394        47.713494
        0.859709         0.167504         0.167504         0.000000         6.040703        18.179414        24.389512        25.690966        44.254257        47.655149
        0.868306         0.169179         0.169179         0.000000         6.148545        18.344200        24.331534        25.878178        44.206584        47.595271
        0.876903         0.170854         0.170854         0.000000         6.256667        18.508706        24.272883        26.063706        44.159063        47.534561
        0.885500         0.172529         0.172529         0.000000         6.365071        18.672880        24.213533        26.247577        44.111706        47.472982
        0.894097         0.174204         0.174204         0.000000         6.474170        18.836109        24.153026        26.429398        44.064799        47.409831
        0.902694         0.175879         0.175879         0.000000         6.583172        18.999522        24.092209        26.609795        44.017818        47.346316
        0.911291         0.177554         0.177554         0.000000         6.693082        19.161548        24.029926        26.788065        43.971468        47.280776
        0.919888         0.179230         0.179229         0.000000         6.802956        19.323618        23.967242        26.964783        43.925096        47.214672
        0.928485         0.180905         0.180904         0.000000         6.913270        19.484937        23.903571        27.139736        43.879059        47.147196
        0.937082         0.182580         0.182579         0.000000         7.023929        19.645620        23.839014        27.312899        43.833287        47.078423
        0.945679         0.184255         0.184255         0.000000         7.134605        19.806184        23.773957        27.484450        43.787548        47.008880
        0.954277         0.185930         0.185930         0.000000         7.245964        19.965449        23.707522        27.654203        43.742370        46.937364
        0.962874         0.187605         0.187605         0.000000         7.357176        20.124810        23.640781        27.822285        43.697090        46.865245
        0.971471         0.189280         0.189280         0.000000         7.468935        20.283020        23.572767        27.988759        43.652313        46.791290
        0.980068         0.190955         0.190955         0.000000         7.580746        20.440901        23.504151        28.153502        43.607600        46.716275
        0.988665         0.192630         0.192630         0.000000         7.692716        20.598245        23.434754        28.316638        43.563074        46.640001
        0.997262         0.194305         0.194305         0.000000         7.805045        20.754630        23.364267        28.478209        43.518922        46.562033
        1.005859         0.195980         0.195980         0.000000         7.917195        20.911017        23.293479        28.637933        43.474616        46.483291
        1.014456         0.197655         0.197655         0.000000         8.029949        21.065919        23.221144        28.796488        43.431015        46.402342
        1.023053         0.199330         0.199330         0.000000         8.142519        21.220754        23.148498        28.953123        43.387235        46.320523
        1.031650         0.201005         0.201005         0.000000         8.255338        21.374690        23.074802        29.108425        43.343829        46.237047
        1.040247         0.202680         0.202680         0.000000         8.368246        21.527970        23.000312        29.262137        43.300578        46.152125
        1.048845         0.204355         0.204355         0.000000         8.481090        21.680869        22.925268        29.414116        43.257314        46.066018
        1.057442         0.206030         0.206030         0.000000         8.594256        21.832597        22.848953        29.565054        43.214600        45.977979
        1.066039         0.207705         0.207705         0.000000         8.707197        21.984176        22.772357        29.713927        43.171614        45.888957
        1.074636         0.209380         0.209380         0.000000         8.820429        22.134570        22.694460        29.861955        43.129258        45.798000
        1.083233         0.211055         0.211055         0.000000         8.933532        22.284555        22.616072        30.008133        43.086783        45.705814
        1.091830         0.212730         0.212730         0.000000         9.046645        22.401453        22.569259        30.152927        43.044514        45.612137
        1.100427         0.214405         0.214405         0.000000         9.159830        22.424518        22.614441        30.296525        43.002573        45.516812
        1.109024         0.216080         0.216080         0.000000         9.272782        22.376262        22.730340        30.438056        42.960334        45.420379
        1.117621         0.217755         0.217755         0.000000         9.385970        22.294393        22.877146        30.579162        42.918957        45.321950
        1.126218         0.219431         0.219430         0.000000         9.498883        22.212273        23.023693        30.718089        42.877178        45.222446
        1.134815         0.221106         0.221105         0.000000         9.611831        22.129129        23.169265        30.856106        42.835920        45.121269
        1.143412         0.222781         0.222780         0.000000         9.724650        22.045346        23.314195        30.992586        42.794703        45.018711
        1.152010         0.224456         0.224455         0.000000         9.837291        21.961016        23.458557        31.127414        42.753457        44.914850
        1.160607         0.226131         0.226131         0.000000         9.949934        21.875627        23.601860        31.261489        42.712849        44.809311
        1.169204         0.227806         0.227806         0.000000        10.062270        21.790014        23.744876        31.393373        42.671767        44.702719
        1.177801         0.229481         0.229481         0.000000        10.174613        21.703210        23.886656        31.524824        42.631629        44.594374
        1.186398         0.231156         0.231156         0.000000        10.286674        21.616071        24.028026        31.654325        42.591180        44.484919
        1.194995         0.232831         0.232831         0.000000        10.398562        21.528203        24.168560        31.782617        42.551077        44.374069
        1.203592         0.234506         0.234506         0.000000        10.510265        21.439611        24.308258        31.909731        42.511319        44.261856
        1.212189         0.236181         0.236181         0.000000        10.621653        21.350722        24.447558        32.034889        42.471240        44.148599
        1.220786         0.237856         0.237856         0.000000        10.732916        21.260761        24.585542        32.159591        42.432236        44.033741
        1.229383         0.239531         0.239531         0.000000        10.843818        21.170630        24.723280        32.282159        42.392708        43.917986
        1.237980         0.241206         0.241206         0.000000        10.954500        21.079658        24.859851        32.403901        42.353996        43.800815
        1.246577         0.242881         0.242881         0.000000        11.064859        20.988273        24.995849        32.524048        42.315284        43.682613
        1.255175         0.244556         0.244556         0.000000        11.174886        20.896451        25.131164        32.642661        42.276687        43.563349
        1.263772         0.246231         0.246231         0.000000        11.284617        20.803916        25.265347        32.760337        42.238858        43.442838
        1.272369         0.247906         0.247906         0.000000        11.393951        20.711257        25.399367        32.875952        42.200522        43.321593
        1.280966         0.249581         0.249581         0.000000        11.502962        20.617731        25.531733        32.991018        42.163529        43.198962
        1.289563         0.251256         0.251256         0.000000        11.611563        20.524062        25.663898        33.104149        42.126164        43.075649
        1.298160         0.252931         0.252931         0.000000        11.719764        20.429900        25.794956        33.216083        42.089412        42.951307
        1.306757         0.254606         0.254606         0.000000        11.827546        20.335347        25.925155        33.326682        42.053084        42.826087
        1.315354         0.256281         0.256281         0.000000        11.934890        20.240618        26.054961        33.435529        42.016638        42.700205
        1.323951         0.257956         0.257956         0.000000        12.041766        20.145318        26.183056        33.543558        41.981402        42.573255
        1.332548         0.259632         0.259631         0.000000        12.148190        20.049975        26.311167        33.649641        41.945770        42.445853
        1.341145         0.261307         0.261306         0.000000        12.254091        19.954190        26.437506        33.754793        41.911241        42.317523
        1.349743         0.262982         0.262981         0.000000        12.359505        19.858278        26.563416        33.858317        41.876800        42.188680
        1.358340         0.264657         0.264656         0.000000        12.464391        19.762192        26.688388        33.960415        41.842677        42.059327
        1.366937         0.266332         0.266332         0.000000        12.568707        19.665867        26.811907        34.061376        41.809135        41.929587
        1.375534         0.268007         0.268007         0.000000        12.672537        19.569560        26.935561        34.160462        41.774828        41.800075
        1.384131         0.269682         0.269682         0.000000        12.775667        19.472990        27.056468        34.258882        41.659076        41.752811
        1.392728         0.271357         0.271357         0.000000        12.878298        19.376473        27.177584        34.355450        41.535246        41.713238
        1.401325         0.273032         0.273032         0.000000        12.980258        19.279905        27.296894        34.450916        41.404205        41.681323
        1.409922         0.274707         0.274707         0.000000        13.081602        19.183353        27.415201        34.545018        41.272191        41.650636
        1.418519         0.276382         0.276382         0.000000        13.182356        19.086879        27.532937        34.637579        41.140080        41.620128
        1.427116         0.278057         0.278057         0.000000        13.282325        18.990477        27.648141        34.729292        41.007561        41.590954
        1.435713         0.279732         0.279732         0.000000        13.381776        18.894197        27.763649        34.819200        40.875158        41.561581
        1.444310         0.281407         0.281407         0.000000        13.480350        18.798127        27.876067        34.908420        40.742526        41.533636
        1.452908         0.283082         0.283082         0.000000        13.578332        18.702225        27.988167        34.996066        40.610011        41.505867
        1.461505         0.284757         0.284757         0.000000        13.675561        18.606590        28.098581        35.082572        40.477597        41.478805
        1.470102         0.286432         0.286432         0.000000        13.771988        18.511268        28.206883        35.168089        40.345320        41.452671
        1.478699         0.288107         0.288107         0.000000        13.867853        18.416155        28.315207        35.251937        40.213313        41.426585
        1.487296         0.289782         0.289782         0.000000        13.962635        18.321623        28.419274        35.335483        40.081670        41.402127
        1.495893         0.291457         0.291457         0.000000        14.056901        18.227301        28.523654        35.417279        39.950373        41.377659
        1.504490         0.293132         0.293132         0.000000        14.150175        18.133590        28.624726        35.498479        39.819702        41.354366
        1.513087         0.294807         0.294807         0.000000        14.242717        18.040298        28.724330        35.578501        39.689583        41.331673
        1.521684         0.296482         0.296482         0.000000        14.334520        17.947464        28.822518        35.657327        39.560124        41.309513
        1.530281         0.298158         0.298157         0.000000        14.425246        17.855427        28.916765        35.735762        39.431723        41.288648
        1.538878         0.299833         0.299832         0.000000        14.515499        17.763630        29.011179        35.812497        39.303846        41.267861
        1.547476         0.301508         0.301507         0.000000        14.604405        17.672984        29.100048        35.889334        39.177672        41.248718
        1.556073         0.303183         0.303182         0.000000        14.692782        17.582676        29.188322        35.964708        39.052249        41.229859
        1.564670         0.304858         0.304857         0.000000        14.780131        17.493256        29.273126        36.039500        38.928412        41.212013
        1.573267         0.306533         0.306533         0.000000        14.866531        17.404676        29.354486        36.113701        38.806199        41.195156
        1.581864         0.308208         0.308208         0.000000        14.952389        17.316505        29.434785        36.186565        38.685040        41.178660
        1.590461         0.309883         0.309883         0.000000        15.036683        17.229916        29.508374        36.259750        38.566923        41.163894
        1.599058         0.311558         0.311558         0.000000        15.120715        17.143482        29.581574        36.331419        38.449661        41.149283
        1.607655         0.313233         0.313233         0.000000        15.203203        17.058660        29.648516        36.403139        38.335786        41.136215
        1.616252         0.314908         0.314908         0.000000        15.285104        16.974421        29.712710        36.474022        38.223770        41.123811
        1.624849         0.316583         0.316583         0.000000        15.366104        16.891120        29.773268        36.544178        38.114277        41.112263
        1.633446         0.318258         0.318258         0.000000        15.445679        16.809403        29.827377        36.614334        38.008710        41.102177
        1.642043         0.319933         0.319933         0.000000        15.525394        16.727523        29.880459        36.683332        37.904170        41.092266
        1.650641         0.321608         0.321608         0.000000        15.602401        16.648684        29.923706        36.752573        37.806273        41.084534
        1.659238         0.323283         0.323283         0.000000        15.679863        16.569425        29.965178        36.821118        37.709549        41.077065
        1.667835         0.324958         0.324958         0.000000        15.755281        16.492466        29.999721        36.888971        37.618321        41.071038
        1.676432         0.326633         0.326633         0.000000        15.830057        16.416381        30.028396        36.956831        37.531000        41.066135
        1.685029         0.328308         0.328308         0.000000        15.904614        16.340659        30.053399        37.024010        37.446502        41.061841
        1.693626         0.329983         0.329983         0.000000        15.974827        16.269737        30.068150        37.089468        37.371590        41.059632
        1.702223         0.331658         0.331658         0.000000        16.049715        16.194242        30.080658        37.158207        37.294275        41.057600
        1.710820         0.333333         0.333333         0.000000        16.059493        16.184386        30.082268        37.167451        37.284119        41.057410
        1.715119         0.334171         0.331658         0.000000        16.059384        16.184501        30.082146        37.167155        37.284361        41.057381
        1.719417         0.335008         0.329983         0.000000        16.033160        16.210876        30.079028        37.144336        37.310184        41.058184
        1.723716         0.335846         0.328308         0.000000        16.013715        16.230413        30.077146        37.128211        37.328799        41.058908
        1.728014         0.336683         0.326633         0.000000        15.976632        16.267896        30.069256        37.097257        37.365570        41.060274
        1.732313         0.337521         0.324958         0.000000        15.940825        16.304127        30.060970        37.068147        37.400850        41.061723
        1.736611         0.338359         0.323283         0.000000        15.909016        16.336426        30.051516        37.044097        37.432360        41.063524
        1.740910         0.339196         0.321608         0.000000        15.877908        16.368137        30.040052        37.022622        37.463260        41.065837
        1.745208         0.340034         0.319933         0.000000        15.849790        16.396823        30.029420        37.004677        37.490392        41.068128
        1.749507         0.340871         0.318258         0.000000        15.813660        16.433905        30.011465        36.979954        37.528204        41.071135
        1.753806         0.341709         0.316583         0.000000        15.780998        16.467466        29.994698        36.959212        37.561617        41.074087
        1.758104         0.342546         0.314908         0.000000        15.749761        16.499751        29.975477        36.941772        37.594045        41.077648
        1.762403         0.343384         0.313233         0.000000        15.720082        16.530539        29.955452        36.927342        37.624585        41.081526
        1.766701         0.344221         0.311558         0.000000        15.690747        16.561056        29.934265        36.913966        37.654847        41.085563
        1.771000         0.345059         0.309883         0.000000        15.657946        16.595326        29.907821        36.897735        37.690698        41.090104
        1.775298         0.345896         0.308208         0.000000        15.627621        16.627075        29.882506        36.884747        37.722986        41.094611
        1.779597         0.346734         0.306532         0.000000        15.597959        16.658396        29.853577        36.874723        37.755521        41.099983
        1.783895         0.347571         0.304857         0.000000        15.570088        16.687928        29.825045        36.867651        37.785377        41.105464
        1.788194         0.348409         0.303182         0.000000        15.541131        16.718725        29.793517        36.859941        37.817437        41.111256
        1.792492         0.349246         0.301507         0.000000        15.510936        16.750946        29.758795        36.851414        37.851964        41.117373
        1.796791         0.350084         0.299832         0.000000        15.482617        16.781287        29.724628        36.845848        37.883679        41.123576
        1.801090         0.350921         0.298157         0.000000        15.454891        16.811293        29.686912        36.843077        37.915751        41.130684
        1.805388         0.351759         0.296482         0.000000        15.428929        16.839508        29.650184        36.843194        37.944813        41.137791
        1.809687         0.352596         0.294807         0.000000        15.400870        16.870091        29.608894        36.840983        37.978253        41.145334
        1.813985         0.353434         0.293132         0.000000        15.373014        16.900564        29.566348        36.839551        38.011670        41.153053
        1.818284         0.354271         0.291457         0.000000        15.346538        16.929734        29.523273        36.840896        38.043256        41.161096
        1.822582         0.355109         0.289782         0.000000        15.320923        16.958239        29.477968        36.844897        38.074353        41.169820
        1.826881         0.355946         0.288107         0.000000        15.296914        16.985122        29.433572        36.851788        38.102535        41.178552
        1.831179         0.356784         0.286432         0.000000        15.269972        17.015287        29.383385        36.854402        38.137182        41.187833
        1.835478         0.357622         0.284757         0.000000        15.244326        17.044165        29.333649        36.859417        38.169553        41.197159
        1.839776         0.358459         0.283082         0.000000        15.219724        17.072154        29.282504        36.866953        38.200935        41.207029
        1.844075         0.359297         0.281407         0.000000        15.196186        17.099214        29.230289        36.877114        38.231022        41.217353
        1.848374         0.360134         0.279732         0.000000        15.173432        17.125540        29.177867        36.888901        38.259811        41.227776
        1.852672         0.360972         0.278057         0.000000        15.148417        17.154422        29.120861        36.896730        38.294008        41.238678
        1.856971         0.361809         0.276382         0.000000        15.124903        17.181795        29.064678        36.907499        38.325329        41.249591
        1.861269         0.362647         0.274707         0.000000        15.102181        17.208608        29.006420        36.920388        38.356427        41.261247
        1.865568         0.363484         0.273032         0.000000        15.080689        17.234263        28.948050        36.936045        38.385438        41.273126
        1.869866         0.364322         0.271357         0.000000        15.059000        17.260242        28.888234        36.951307        38.415353        41.285226
        1.874165         0.365159         0.269682         0.000000        15.036130        17.287602        28.825654        36.964115        38.448450        41.297674
        1.878463         0.365997         0.268007         0.000000        15.014692        17.313534        28.763808        36.979942        38.478677        41.310130
        1.882762         0.366834         0.266331         0.000000        14.993835        17.339182        28.699422        36.997319        38.509405        41.323493
        1.887060         0.367672         0.264656         0.000000        14.974357        17.363467        28.635668        37.017808        38.537258        41.336861
        1.891359         0.368509         0.262981         0.000000        14.953778        17.389034        28.569570        37.035564        38.568228        41.350568
        1.895657         0.369347         0.261306         0.000000        14.932981        17.414941        28.502191        37.052667        38.600181        41.364494
        1.899956         0.370184         0.259631         0.000000        14.913390        17.439716        28.434839        37.072462        38.629988        41.378609
        1.904255         0.371022         0.257956         0.000000        14.894541        17.463983        28.365892        37.093932        38.659515        41.393380
        1.908553         0.371859         0.256281         0.000000        14.877041        17.486925        28.297498        37.118630        38.686115        41.408140
        1.912852         0.372697         0.254606         0.000000        14.857569        17.512052        28.226195        37.137926        38.718107        41.423366
        1.917150         0.373534         0.252931         0.000000        14.838776        17.536562        28.154748        37.158709        38.748851        41.438677
        1.921449         0.374372         0.251256         0.000000        14.820985        17.560207        28.082789        37.181688        38.778166        41.454324
        1.925747         0.375209         0.249581         0.000000        14.804093        17.583126        28.009986        37.206686        38.806390        41.470382
        1.930046         0.376047         0.247906         0.000000        14.788307        17.604985        27.937454        37.234409        38.832205        41.486447
        1.934344         0.376884         0.246231         0.000000        14.770125        17.629435        27.862143        37.254986        38.864643        41.503048
        1.938643         0.377722         0.244556         0.000000        14.753271        17.652593        27.787295        37.278911        38.894100        41.519621
        1.942941         0.378560         0.242881         0.000000        14.737221        17.675134        27.711553        37.304386        38.922840        41.536635
        1.947240         0.379397         0.241206         0.000000        14.722226        17.696741        27.635528        37.332418        38.949667        41.553838
        1.951539         0.380235         0.239531         0.000000        14.707445        17.718212        27.559108        37.360607        38.976360        41.571169
        1.955837         0.381072         0.237856         0.000000        14.691149        17.741324        27.481085        37.383742        39.007493        41.588903
        1.960136         0.381910         0.236181         0.000000        14.676167        17.763170        27.403439        37.410349        39.035578        41.606589
        1.964434         0.382747         0.234506         0.000000        14.661788        17.784635        27.324648        37.437726        39.063665        41.624772
        1.968733         0.383585         0.232831         0.000000        14.648628        17.804961        27.245972        37.468372        39.088998        41.642953
        1.973031         0.384422         0.231156         0.000000        14.634789        17.826048        27.166525        37.496294        39.116584        41.661394
        1.977330         0.385260         0.229481         0.000000        14.620302        17.847864        27.086324        37.521597        39.146336        41.680088
        1.981628         0.386097         0.227806         0.000000        14.607027        17.868546        27.006257        37.550105        39.173368        41.698775
        1.985927         0.386935         0.226130         0.000000        14.594332        17.888852        26.925229        37.579276        39.200327        41.717839
        1.990225         0.387772         0.224455         0.000000        14.582939        17.907928        26.844419        37.612180        39.224067        41.736812
        1.994524         0.388610         0.222780         0.000000        14.569960        17.928643        26.762713        37.639190        39.252591        41.756182
        1.998823         0.389447         0.221105         0.000000        14.557205        17.949200        26.680810        37.666338        39.280885        41.775643
        2.003121         0.390285         0.219430         0.000000        14.545463        17.968856        26.598746        37.695959        39.307179        41.795153
        2.007420         0.391122         0.217755         0.000000        14.534462        17.987930        26.516120        37.726960        39.332551        41.814827
        2.011718         0.391960         0.216080         0.000000        14.524763        18.005784        26.433644        37.761829        39.354603        41.834388
        2.016017         0.392797         0.214405         0.000000        14.512550        18.026148        26.350364        37.787354        39.384140        41.854483
        2.020315         0.393635         0.212730         0.000000        14.501445        18.045481        26.267185        37.816082        39.410900        41.874499
        2.024614         0.394472         0.211055         0.000000        14.491143        18.064142        26.183662        37.846430        39.436411        41.894567
        2.028912         0.395310         0.209380         0.000000        14.481758        18.082013        26.099861        37.879016        39.460116        41.914634
        2.033211         0.396147         0.207705         0.000000        14.472960        18.099361        26.016056        37.913052        39.482456        41.934687
        2.037509         0.396985         0.206030         0.000000        14.462122        18.118712        25.931900        37.939139        39.511042        41.955163
        2.041808         0.397823         0.204355         0.000000        14.452586        18.136853        25.847835        37.969233        39.536196        41.975506
        2.046106         0.398660         0.202680         0.000000        14.443624        18.154549        25.763340        37.999974        39.560897        41.995853
        2.050405         0.399498         0.201005         0.000000        14.435771        18.171248        25.678754        38.033943        39.582856        42.016088
        2.054704         0.400335         0.199330         0.000000        14.427578        18.188299        25.594157        38.066006        39.606135        42.036433
        2.059002         0.401173         0.197655         0.000000        14.418221        18.206481        25.509520        38.093144        39.633169        42.057020
        2.063301         0.402010         0.195980         0.000000        14.410158        18.223471        25.424922        38.124370        39.656695        42.077457
        2.067599         0.402848         0.194305         0.000000        14.402444        18.240222        25.339913        38.155269        39.680525        42.097796
        2.071898         0.403685         0.192630         0.000000        14.396040        18.255777        25.254912        38.190455        39.700665        42.117970
        2.076196         0.404523         0.190955         0.000000        14.388339        18.272556        25.170040        38.220119        39.725021        42.138362
        2.080495         0.405360         0.189280         0.000000        14.380378        18.289598        25.085248        38.248161        39.750449        42.158819
        2.084793         0.406198         0.187605         0.000000        14.373487        18.305674        25.000404        38.279340        39.773161        42.179098
        2.089092         0.407035         0.185929         0.000000        14.367131        18.321303        24.915357        38.311176        39.795246        42.199160
        2.093390         0.407873         0.184254         0.000000        14.362090        18.335740        24.830295        38.347443        39.813497        42.219049
        2.097689         0.408710         0.182579         0.000000        14.354768        18.352272        24.745605        38.374317        39.839098        42.239230
        2.101988         0.409548         0.180904         0.000000        14.348117        18.368202        24.660970        38.403145        39.862868        42.259320
        2.106286         0.410385         0.179229         0.000000        14.342290        18.383393        24.576283        38.434040        39.884780        42.279156
        2.110585         0.411223         0.177554         0.000000        14.337207        18.397926        24.491529        38.466698        39.905063        42.298721
        2.114883         0.412060         0.175879         0.000000        14.333133        18.411550        24.406799        38.502719        39.922348        42.318140
        2.119182         0.412898         0.174204         0.000000        14.326387        18.427582        24.322647        38.527658        39.948400        42.337814
        2.123480         0.413735         0.172529         0.000000        14.320960        18.442426        24.238472        38.557177        39.970463        42.357310
        2.127779         0.414573         0.170854         0.000000        14.316091        18.456760        24.154333        38.587569        39.991602        42.376434
        2.132077         0.415410         0.169179         0.000000        14.312195        18.470223        24.070201        38.620957        40.010027        42.395292
        2.136376         0.416248         0.167504         0.000000        14.308331        18.483647        23.986279        38.653908        40.028545        42.414080
        2.140674         0.417086         0.165829         0.000000        14.302720        18.498614        23.902884        38.679308        40.053006        42.432946
        2.144973         0.417923         0.164154         0.000000        14.298434        18.512396        23.819469        38.709437        40.073312        42.451634
        2.149272         0.418761         0.162479         0.000000        14.294418        18.525901        23.736267        38.739123        40.093715        42.469801
        2.153570         0.419598         0.160804         0.000000        14.291624        18.538315        23.653083        38.773164        40.110226        42.487762
        2.157869         0.420436         0.159129         0.000000        14.287860        18.551563        23.570335        38.802718        40.130197        42.505677
        2.162167         0.421273         0.157454         0.000000        14.283302        18.565488        23.487987        38.828510        40.153026        42.523538
        2.166466         0.422111         0.155779         0.000000        14.279914        18.578363        23.405689        38.858386        40.172183        42.541165
        2.170764         0.422948         0.154104         0.000000        14.276807        18.590932        23.323759        38.887973        40.191238        42.558220
        2.175063         0.423786         0.152429         0.000000        14.275035        18.602320        23.241854        38.922607        40.205775        42.575116
        2.179361         0.424623         0.150754         0.000000        14.271263        18.615412        23.160606        38.948448        40.227441        42.591931
        2.183660         0.425461         0.149079         0.000000        14.267680        18.628316        23.079602        38.974576        40.248594        42.608614
        2.187958         0.426298         0.147404         0.000000        14.264982        18.640401        22.998825        39.003484        40.267091        42.624943
        2.192257         0.427136         0.145729         0.000000        14.262813        18.651961        22.918467        39.033451        40.284305        42.640775
        2.196556         0.427973         0.144053         0.000000        14.261982        18.662344        22.838173        39.068631        40.296805        42.656464
        2.200854         0.428811         0.142378         0.000000        14.258102        18.675300        22.758727        39.090449        40.320424        42.671971
        2.205153         0.429648         0.140703         0.000000        14.255415        18.687202        22.679370        39.116869        40.339851        42.687333
        2.209451         0.430486         0.139028         0.000000        14.253312        18.698520        22.600504        39.144630        40.357741        42.702203
        2.213750         0.431323         0.137353         0.000000        14.252004        18.709091        22.522047        39.174937        40.373054        42.716695
        2.218048         0.432161         0.135678         0.000000        14.251159        18.719229        22.443842        39.206829        40.386730        42.731026
        2.222347         0.432998         0.134003         0.000000        14.247954        18.731324        22.366338        39.228118        40.409293        42.745079
        2.226645         0.433836         0.132328         0.000000        14.246092        18.742242        22.288946        39.254793        40.426937        42.759009
        2.230944         0.434673         0.130653         0.000000        14.244491        18.752812        22.212388        39.281235        40.444269        42.772301
        2.235242         0.435511         0.128978         0.000000        14.243972        18.762410        22.136168        39.311855        40.457612        42.785366
        2.239541         0.436348         0.127303         0.000000        14.242875        18.772446        22.060371        39.339547        40.473249        42.798187
        2.243839         0.437186         0.125628         0.000000        14.240422        18.783571        21.985103        39.360886        40.494176        42.810708
        2.248138         0.438024         0.123953         0.000000        14.239276        18.793550        21.910030        39.387581        40.510141        42.823110
        2.252437         0.438861         0.122278         0.000000        14.238129        18.803363        21.836161        39.412748        40.526789        42.834768
        2.256735         0.439699         0.120603         0.000000        14.238332        18.812003        21.762518        39.443663        40.538084        42.846351
        2.261034         0.440536         0.118928         0.000000        14.236896        18.821950        21.689415        39.466853        40.555951        42.857546
        2.265332         0.441374         0.117253         0.000000        14.235129        18.832119        21.616714        39.488216        40.575171        42.868491
        2.269631         0.442211         0.115578         0.000000        14.234352        18.841378        21.544542        39.513383        40.590642        42.879189
        2.273929         0.443049         0.113903         0.000000        14.233861        18.850246        21.473534        39.538647        40.605378        42.889318
        2.278228         0.443886         0.112228         0.000000        14.234721        18.857942        21.402811        39.569851        40.614535        42.899398
        2.282526         0.444724         0.110553         0.000000        14.232867        18.867813        21.332686        39.588230        40.634903        42.908892
        2.286825         0.445561         0.108878         0.000000        14.231727        18.877040        21.262896        39.609599        40.652333        42.918252
        2.291123         0.446399         0.107203         0.000000        14.231242        18.885594        21.194045        39.633082        40.667337        42.927244
        2.295422         0.447236         0.105528         0.000000        14.231346        18.893528        21.126242        39.658441        40.680063        42.935855
        2.299721         0.448074         0.103852         0.000000        14.232387        18.900633        21.058805        39.687963        40.688764        42.944379
        2.304019         0.448911         0.102177         0.000000        14.230461        18.910098        20.991931        39.703189        40.710114        42.952205
        2.308318         0.449749         0.100502         0.000000        14.229890        18.918394        20.925402        39.724553        40.725658        42.960010
        2.312616         0.450586         0.098827         0.000000        14.229627        18.926257        20.860297        39.746209        40.740204        42.967340
        2.316915         0.451424         0.097152         0.000000        14.230273        18.933268        20.796046        39.771669        40.750808        42.974476
        2.321213         0.452261         0.095477         0.000000        14.230787        18.940317        20.732238        39.796252        40.761945        42.981355
        2.325512         0.453099         0.093802         0.000000        14.229376        18.948860        20.668925        39.811268        40.781526        42.987663
        2.329810         0.453936         0.092127         0.000000        14.229322        18.956234        20.606012        39.832621        40.795071        42.993973
        2.334109         0.454774         0.090452         0.000000        14.229217        18.963418        20.545077        39.852321        40.809144        42.999730
        2.338407         0.455611         0.088777         0.000000        14.230354        18.969514        20.484719        39.877897        40.817501        43.005465
        2.342706         0.456449         0.087102         0.000000        14.230279        18.976517        20.424847        39.897226        40.831310        43.010744
        2.347005         0.457287         0.085427         0.000000        14.229336        18.984146        20.365456        39.912031        40.848995        43.015630
        2.351303         0.458124         0.083752         0.000000        14.229522        18.990764        20.306788        39.932038        40.861516        43.020460
        2.355602         0.458962         0.082077         0.000000        14.229747        18.997121        20.250168        39.951005        40.873975        43.024853
        2.359900         0.459799         0.080402         0.000000        14.231331        19.002310        20.194036        39.976717        40.879946        43.029289
        2.364199         0.460637         0.078727         0.000000        14.230611        19.009272        20.138425        39.990473        40.896644        43.033061
        2.368497         0.461474         0.077052         0.000000        14.230093        19.015995        20.083314        40.005072        40.912288        43.036654
        2.372796         0.462312         0.075377         0.000000        14.230350        19.021947        20.029440        40.022954        40.924279        43.040111
        2.377094         0.463149         0.073702         0.000000        14.230980        19.027403        19.977336        40.041879        40.934419        43.043318
        2.381393         0.463987         0.072027         0.000000        14.232971        19.031692        19.925749        40.067749        40.937856        43.046582
        2.385691         0.464824         0.070352         0.000000        14.231556        19.038619        19.874748        40.075611        40.957630        43.048992
        2.389990         0.465662         0.068677         0.000000        14.231426        19.044441        19.824264        40.090014        40.971073        43.051445
        2.394288         0.466499         0.067002         0.000000        14.231706        19.049734        19.775587        40.105677        40.982450        43.053717
        2.398587         0.467337         0.065327         0.000000        14.232705        19.054294        19.728314        40.124588        40.990103        43.055892
        2.402886         0.468174         0.063651         0.000000        14.234055        19.058492        19.681604        40.145208        40.995872        43.057948
        2.407184         0.469012         0.061976         0.000000        14.232914        19.064585        19.635546        40.152288        41.013851        43.059370
        2.411483         0.469849         0.060301         0.000000        14.233138        19.069512        19.590020        40.166511        41.024921        43.060857
        2.415781         0.470687         0.058626         0.000000        14.233400        19.074152        19.546920        40.179880        41.035570        43.062158
        2.420080         0.471524         0.056951         0.000000        14.234737        19.077820        19.504767        40.198810        41.040561        43.063470
        2.424378         0.472362         0.055276         0.000000        14.235328        19.081992        19.463273        40.213463        41.049178        43.064503
        2.428677         0.473199         0.053601         0.000000        14.234509        19.087194        19.422480        40.220190        41.064795        43.065149
        2.432975         0.474037         0.051926         0.000000        14.234985        19.091276        19.382326        40.233808        41.073669        43.065852
        2.437274         0.474874         0.050251         0.000000        14.235266        19.095222        19.345037        40.245273        41.083093        43.066419
        2.441572         0.475712         0.048576         0.000000        14.236915        19.098001        19.308266        40.264252        41.085241        43.067049
        2.445871         0.476549         0.046901         0.000000        14.236712        19.102150        19.272338        40.272633        41.096816        43.067294
        2.450170         0.477387         0.045226         0.000000        14.236191        19.106464        19.237099        40.279035        41.109871        43.067366
        2.454468         0.478225         0.043551         0.000000        14.236596        19.109900        19.203066        40.290225        41.117838        43.067471
        2.458767         0.479062         0.041876         0.000000        14.237163        19.112959        19.171416        40.301597        41.124401        43.067550
        2.463065         0.479900         0.040201         0.000000        14.239102        19.114852        19.140255        40.320654        41.123531        43.067680
        2.467364         0.480737         0.038526         0.000000        14.238076        19.097734        19.131492        40.322472        41.138137        43.067394
        2.471662         0.481575         0.036851         0.000000        14.237831        19.077019        19.126203        40.328579        41.148431        43.067096
        2.475961         0.482412         0.035176         0.000000        14.238139        19.053186        19.125202        40.337314        41.155325        43.066840
        2.480259         0.483250         0.033501         0.000000        14.238975        19.027378        19.127377        40.348631        41.158843        43.066612
        2.484558         0.484087         0.031826         0.000000        14.240670        19.002127        19.128789        40.364774        41.157551        43.066380
        2.488856         0.484925         0.030151         0.000000        14.239311        18.978265        19.132499        40.362774        41.172469        43.065868
        2.493155         0.485762         0.028476         0.000000        14.239325        18.954851        19.135043        40.368620        41.179814        43.065388
        2.497454         0.486600         0.026801         0.000000        14.239516        18.933860        19.137194        40.374890        41.185465        43.064988
        2.501752         0.487437         0.025126         0.000000        14.240606        18.914055        19.138486        40.386188        41.185771        43.064618
        2.506051         0.488275         0.023450         0.000000        14.241446        18.895100        19.139881        40.395749        41.187242        43.064206
        2.510349         0.489112         0.021775         0.000000        14.240331        18.877470        19.142709        40.393375        41.199163        43.063701
        2.514648         0.489950         0.020100         0.000000        14.240591        18.860236        19.144371        40.398994        41.203390        43.063204
        2.518946         0.490787         0.018425         0.000000        14.240649        18.846046        19.145883        40.402810        41.207643        43.062839
        2.523245         0.491625         0.016750         0.000000        14.241983        18.832361        19.146293        40.414123        41.204595        43.062461
        2.527543         0.492462         0.015075         0.000000        14.241951        18.819971        19.147673        40.416854        41.208881        43.062092
        2.531842         0.493300         0.013400         0.000000        14.241071        18.808693        19.149619        40.414155        41.217648        43.061727
        2.536140         0.494137         0.011725         0.000000        14.241292        18.798223        19.150577        40.417858        41.219971        43.061371
        2.540439         0.494975         0.010050         0.000000        14.241484        18.790463        19.151272        40.420970        41.221345        43.061137
        2.544737         0.495812         0.008375         0.000000        14.243053        18.782967        19.150801        40.432327        41.214840        43.060846
        2.549036         0.496650         0.006700         0.000000        14.242139        18.777369        19.152167        40.428011        41.221997        43.060701
        2.553335         0.497488         0.005025         0.000000        14.241489        18.772508        19.153233        40.425040        41.227489        43.060559
        2.557633         0.498325         0.003350         0.000000        14.241563        18.769039        19.153553        40.426234        41.228297        43.060444
        2.561932         0.499163         0.001675         0.000000        14.241984        18.767563        19.153367        40.429310        41.226220        43.060381
        2.566230         0.500000        -0.000000         0.000000        14.243784        18.766280        19.152015        40.440729        41.216203        43.060225
        2.573676         0.497488        -0.000000         0.000000        14.238846        18.765588        19.156194        40.410837        41.244647        43.060558
        2.581121         0.494975        -0.000000         0.000000        14.229914        18.764332        19.163749        40.362450        41.290405        43.061163
        2.588566         0.492462        -0.000000         0.000000        14.215187        18.762256        19.176203        40.287225        41.361286        43.062163
        2.596011         0.489950        -0.000000         0.000000        14.192675        18.759047        19.195204        40.192354        41.449446        43.063710
        2.603457         0.487437        -0.000000         0.000000        14.166360        18.755271        19.217392        40.090282        41.543625        43.065531
        2.610902         0.484925        -0.000000         0.000000        14.132950        18.750413        19.245503        39.978606        41.645155        43.067877
        2.618347         0.482412        -0.000000         0.000000        14.094082        18.744670        19.278120        39.862423        41.749356        43.070653
        2.625793         0.479900        -0.000000         0.000000        14.051714        18.738355        19.313622        39.743427        41.855184        43.073708
        2.633238         0.477387        -0.000000         0.000000        14.001622        18.730685        19.355409        39.619918        41.962728        43.077427
        2.640683         0.474874        -0.000000         0.000000        13.948209        18.722377        19.399848        39.494854        42.070521        43.081460
        2.648128         0.472362        -0.000000         0.000000        13.890704        18.713285        19.447556        39.367871        42.178619        43.085881
        2.655574         0.469849        -0.000000         0.000000        13.827410        18.702963        19.499782        39.238489        42.286611        43.090912
        2.663019         0.467337        -0.000000         0.000000        13.761525        18.692052        19.553996        39.108067        42.394446        43.096238
        2.670464         0.464824        -0.000000         0.000000        13.691134        18.680073        19.611631        38.975870        42.501895        43.102099
        2.677910         0.462312        -0.000000         0.000000        13.617041        18.667108        19.671986        38.842213        42.608822        43.108460
        2.685355         0.459799        -0.000000         0.000000        13.540746        18.653544        19.733946        38.707684        42.715418        43.115124
        2.692800         0.457287        -0.000000         0.000000        13.459914        18.638615        19.799110        38.571300        42.821144        43.122489
        2.700246         0.454774        -0.000000         0.000000        13.376935        18.622954        19.865720        38.433984        42.926336        43.130247
        2.707691         0.452261        -0.000000         0.000000        13.291704        18.606524        19.933846        38.295689        43.030971        43.138417
        2.715136         0.449749        -0.000000         0.000000        13.202967        18.588733        20.004206        38.155745        43.104463        43.177412
        2.722581         0.447236        -0.000000         0.000000        13.112767        18.570317        20.075453        38.015067        43.156082        43.238123
        2.730027         0.444724        -0.000000         0.000000        13.020151        18.550830        20.148138        37.873145        43.165892        43.340363
        2.737472         0.442211        -0.000000         0.000000        12.925344        18.530237        20.222026        37.729976        43.176219        43.441775
        2.744917         0.439699        -0.000000         0.000000        12.829326        18.509007        20.296562        37.586098        43.186854        43.542699
        2.752363         0.437186        -0.000000         0.000000        12.730915        18.486392        20.372286        37.440705        43.198209        43.642495
        2.759808         0.434673        -0.000000         0.000000        12.631236        18.462938        20.448566        37.294416        43.210005        43.741594
        2.767253         0.432161        -0.000000         0.000000        12.530424        18.438734        20.525341        37.147326        43.222197        43.840070
        2.774698         0.429648        -0.000000         0.000000        12.427633        18.413027        20.602853        36.998665        43.235184        43.937279
        2.782144         0.427136        -0.000000         0.000000        12.324067        18.386659        20.680605        36.849327        43.248520        44.033928
        2.789589         0.424623        -0.000000         0.000000        12.219282        18.359227        20.758719        36.698899        43.262420        44.129671
        2.797034         0.422111        -0.000000         0.000000        12.113273        18.330567        20.837092        36.547235        43.276973        44.224359
        2.804480         0.419598        -0.000000         0.000000        12.006632        18.301237        20.915578        36.394902        43.291879        44.318471
        2.811925         0.417086        -0.000000         0.000000        11.898797        18.270525        20.994199        36.241201        43.307519        44.411386
        2.819370         0.414573        -0.000000         0.000000        11.790260        18.238871        21.072821        36.086583        43.323656        44.503479
        2.826816         0.412060        -0.000000         0.000000        11.681190        18.206501        21.151444        35.931267        43.340170        44.594948
        2.834261         0.409548        -0.000000         0.000000        11.571079        18.172506        21.229928        35.774389        43.357540        44.684987
        2.841706         0.407035        -0.000000         0.000000        11.460591        18.137829        21.308305        35.616865        43.375266        44.774423
        2.849151         0.404523        -0.000000         0.000000        11.349542        18.102121        21.386517        35.458364        43.393531        44.862945
        2.856597         0.402010        -0.000000         0.000000        11.237879        18.065086        21.464428        35.298620        43.412483        44.950282
        2.864042         0.399498        -0.000000         0.000000        11.125927        18.027366        21.542165        35.138239        43.431788        45.037005
        2.871487         0.396985        -0.000000         0.000000        11.013457        17.988302        21.619518        34.976615        43.451783        45.122518
        2.878933         0.394472        -0.000000         0.000000        10.900667        17.948217        21.696526        34.814056        43.472295        45.207105
        2.886378         0.391960        -0.000000         0.000000        10.787661        17.907447        21.773302        34.650869        43.493153        45.291071
        2.893823         0.389447        -0.000000         0.000000        10.674242        17.865024        21.849445        34.486186        43.514837        45.373526
        2.901268         0.386935        -0.000000         0.000000        10.560685        17.821891        21.925286        34.320865        43.536868        45.455327
        2.908714         0.384422        -0.000000         0.000000        10.446943        17.777793        22.000716        34.154678        43.559374        45.536240
        2.916159         0.381910        -0.000000         0.000000        10.333010        17.732306        22.075504        33.987253        43.582548        45.615863
        2.923604         0.379397        -0.000000         0.000000        10.219004        17.686138        22.149964        33.819225        43.606045        45.694853
        2.931050         0.376884        -0.000000         0.000000        10.104887        17.638705        22.223797        33.650081        43.630138        45.772662
        2.938495         0.374372        -0.000000         0.000000         9.990729        17.590200        22.297064        33.479995        43.654723        45.849463
        2.945940         0.371859        -0.000000         0.000000         9.876549        17.541019        22.369972        33.309318        43.679617        45.925629
        2.953386         0.369347        -0.000000         0.000000         9.762378        17.490284        22.442019        33.137286        43.705206        46.000327
        2.960831         0.366834        -0.000000         0.000000         9.648243        17.438791        22.513625        32.964596        43.731123        46.074304
        2.968276         0.364322        -0.000000         0.000000         9.534152        17.386420        22.584723        32.791146        43.757419        46.147449
        2.975721         0.361809        -0.000000         0.000000         9.420188        17.332633        22.654966        32.616474        43.784309        46.219245
        2.983167         0.359297        -0.000000         0.000000         9.306300        17.278187        22.724802        32.441236        43.811468        46.290411
        2.990612         0.356784        -0.000000         0.000000         9.192562        17.222579        22.793913        32.265000        43.839095        46.360470
        2.998057         0.354271        -0.000000         0.000000         9.079006        17.165871        22.862315        32.087824        43.867148        46.429476
        3.005503         0.351759        -0.000000         0.000000         8.965565        17.108511        22.930296        31.910090        43.895451        46.497860
        3.012948         0.349246        -0.000000         0.000000         8.852414        17.049716        22.997329        31.731133        43.924284        46.564874
        3.020393         0.346734        -0.000000         0.000000         8.739452        16.990128        23.063824        31.551501        43.953398        46.631131
        3.027838         0.344221        -0.000000         0.000000         8.626676        16.929758        23.129792        31.371205        43.982788        46.696643
        3.035284         0.341709        -0.000000         0.000000         8.514286        16.867963        23.194776        31.189701        44.012654        46.760804
        3.042729         0.339196        -0.000000         0.000000         8.402085        16.805535        23.259317        31.007661        44.042723        46.824365
        3.050174         0.336683        -0.000000         0.000000         8.290204        16.742051        23.323118        30.824728        44.073126        46.886931
        3.057620         0.334171        -0.000000         0.000000         8.178701        16.677447        23.386120        30.640849        44.103863        46.948447
        3.065065         0.331658        -0.000000         0.000000         8.067414        16.612216        23.448674        30.456441        44.134783        47.009378
        3.072510         0.329146        -0.000000         0.000000         7.956613        16.545662        23.510276        30.270919        44.166072        47.069083
        3.079956         0.326633        -0.000000         0.000000         7.846139        16.478281        23.571275        30.084700        44.197576        47.128030
        3.087401         0.324121        -0.000000         0.000000         7.735941        16.410206        23.631770        29.897899        44.229262        47.186341
        3.094846         0.321608        -0.000000         0.000000         7.626355        16.340690        23.691209        29.709887        44.261297        47.243350
        3.102291         0.319096        -0.000000         0.000000         7.517045        16.270557        23.750197        29.521360        44.293471        47.299809
        3.109737         0.316583        -0.000000         0.000000         7.408171        16.199460        23.808474        29.332024        44.325863        47.355410
        3.117182         0.314070        -0.000000         0.000000         7.299850        16.127207        23.865901        29.141722        44.358494        47.410001
        3.124627         0.311558        -0.000000         0.000000         7.191828        16.054341        23.922877        28.950909        44.391248        47.464061
        3.132073         0.309045        -0.000000         0.000000         7.084428        15.980238        23.978942        28.759065        44.424239        47.517059
        3.139518         0.306533        -0.000000         0.000000         6.977490        15.905259        24.034365        28.566491        44.457384        47.569320
        3.146963         0.304020        -0.000000         0.000000         6.870880        15.829655        24.089329        28.373399        44.490639        47.621057
        3.154409         0.301508        -0.000000         0.000000         6.765086        15.752561        24.143206        28.179073        44.524134        47.671569
        3.161854         0.298995        -0.000000         0.000000         6.659641        15.674854        24.196639        27.984241        44.557721        47.721587
        3.169299         0.296482        -0.000000         0.000000         6.554710        15.596244        24.249418        27.788663        44.591442        47.770879
        3.176744         0.293970        -0.000000         0.000000         6.450495        15.516414        24.301322        27.592083        44.625329        47.819211
        3.184190         0.291457        -0.000000         0.000000         6.346649        15.435968        24.352786        27.394997        44.659297        47.867065
        3.191635         0.288945        -0.000000         0.000000         6.243522        15.354333        24.403407        27.196939        44.693414        47.914004
        3.199080         0.286432        -0.000000         0.000000         6.140987        15.271748        24.453364        26.998107        44.727643        47.960228
        3.206526         0.283920        -0.000000         0.000000         6.038839        15.188541        24.502886        26.798770        44.761943        48.005985
        3.213971         0.281407        -0.000000         0.000000         5.937636        15.103850        24.551385        26.598232        44.796405        48.050648
        3.221416         0.278895        -0.000000         0.000000         5.836875        15.018480        24.599424        26.397148        44.830936        48.094820
        3.228861         0.276382        -0.000000         0.000000         5.736676        14.932246        24.646877        26.195368        44.865556        48.138366
        3.236307         0.273869        -0.000000         0.000000         5.637353        14.844693        24.693451        25.992534        44.900302        48.180973
        3.243752         0.271357        -0.000000         0.000000         5.538457        14.756503        24.739606        25.789192        44.935109        48.223130
        3.251197         0.268844        -0.000000         0.000000         5.440349        14.667146        24.784998        25.584924        44.970024        48.264468
        3.258643         0.266332        -0.000000         0.000000         5.342961        14.576738        24.829717        25.379828        45.005031        48.305076
        3.266088         0.263819        -0.000000         0.000000         5.246017        14.485685        24.870406        25.177842        45.040097        48.345236
        3.273533         0.261307        -0.000000         0.000000         5.150103        14.393150        24.863520        25.021341        45.075291        48.384374
        3.280979         0.258794        -0.000000         0.000000         5.054734        14.299843        24.760095        24.960304        45.110550        48.422980
        3.288424         0.256281        -0.000000         0.000000         4.959955        14.205699        24.552080        25.002692        45.145882        48.461009
        3.295869         0.253769        -0.000000         0.000000         4.866205        14.110112        24.342953        25.044213        45.181335        48.498046
        3.303314         0.251256        -0.000000         0.000000         4.772934        14.013859        24.133314        25.085339        45.216844        48.534620
        3.310760         0.248744        -0.000000         0.000000         4.680496        13.916452        23.922792        25.125786        45.252451        48.570396
        3.318205         0.246231        -0.000000         0.000000         4.588907        13.817882        23.711387        25.165563        45.288155        48.605359
        3.325650         0.243719        -0.000000         0.000000         4.497812        13.718636        23.499469        25.204954        45.323917        48.639848
        3.333096         0.241206        -0.000000         0.000000         4.407806        13.617912        23.286437        25.243511        45.359805        48.673288
        3.340541         0.238694        -0.000000         0.000000         4.318451        13.516316        23.072751        25.281587        45.395767        48.706100
        3.347986         0.236181        -0.000000         0.000000         4.229695        13.413915        22.858463        25.319219        45.431797        48.738332
        3.355431         0.233668        -0.000000         0.000000         4.142118        13.309948        22.643011        25.356004        45.467963        48.769410
        3.362877         0.231156        -0.000000         0.000000         4.055066        13.205289        22.427047        25.392421        45.504188        48.799968
        3.370322         0.228643        -0.000000         0.000000         3.968872        13.099504        22.210251        25.428242        45.540511        48.829676
        3.377767         0.226131        -0.000000         0.000000         3.883653        12.992451        21.992525        25.463403        45.576944        48.858401
        3.385213         0.223618        -0.000000         0.000000         3.798972        12.884701        21.774289        25.498205        45.613437        48.886580
        3.392658         0.221106        -0.000000         0.000000         3.715419        12.775502        21.554996        25.532266        45.650055        48.913600
        3.400103         0.218593        -0.000000         0.000000         3.632621        12.665343        21.335007        25.565846        45.686756        48.939829
        3.407549         0.216080        -0.000000         0.000000         3.550417        12.554430        21.114471        25.599048        45.723522        48.965437
        3.414994         0.213568        -0.000000         0.000000         3.469536        12.441856        20.892738        25.631431        45.760428        48.989628
        3.422439         0.211055        -0.000000         0.000000         3.389220        12.328584        20.670503        25.663473        45.797392        49.013203
        3.429884         0.208543        -0.000000         0.000000         3.309768        12.214241        20.447501        25.694994        45.834444        49.035833
        3.437330         0.206030        -0.000000         0.000000         3.231414        12.098558        20.223540        25.725872        45.871603        49.057235
        3.444775         0.203518        -0.000000         0.000000         3.153635        11.982177        19.999082        25.756418        45.908817        49.077988
        3.452220         0.201005        -0.000000         0.000000         3.077001        11.864419        19.773644        25.786310        45.946135        49.097432
        3.459666         0.198492        -0.000000         0.000000         3.001227        11.745642        19.547484        25.815726        45.983526        49.115872
        3.467111         0.195980        -0.000000         0.000000         2.926038        11.626173        19.320833        25.844817        46.020966        49.133630
        3.474556         0.193467        -0.000000         0.000000         2.852284        11.505031        19.093001        25.873131        46.058514        49.149677
        3.482001         0.190955        -0.000000         0.000000         2.779138        11.383193        18.864678        25.901124        46.096103        49.164987
        3.489447         0.188442        -0.000000         0.000000         2.706845        11.260378        18.635666        25.928667        46.133748        49.179259
        3.496892         0.185930        -0.000000         0.000000         2.635768        11.136197        18.405695        25.955585        46.171460        49.192031
        3.504337         0.183417        -0.000000         0.000000         2.565295        11.011345        18.175252        25.982196        46.209202        49.204048
        3.511783         0.180905        -0.000000         0.000000         2.495963        10.885234        17.943926        26.008233        46.246991        49.214632
        3.519228         0.178392        -0.000000         0.000000         2.427591        10.758087        17.711874        26.033800        46.284809        49.223996
        3.526673         0.175879        -0.000000         0.000000         2.359830        10.630281        17.479360        26.059068        46.322643        49.232579
        3.534119         0.173367        -0.000000         0.000000         2.293506        10.500956        17.245784        26.083646        46.360497        49.239313
        3.541564         0.170854        -0.000000         0.000000         2.227874        10.370915        17.011707        26.107899        46.398349        49.245148
        3.549009         0.168342        -0.000000         0.000000         2.163069        10.240020        16.777033        26.131765        46.436199        49.249909
        3.556454         0.165829        -0.000000         0.000000         2.099585        10.107792        16.541427        26.155024        46.474022        49.252945
        3.563900         0.163317        -0.000000         0.000000         2.036725         9.974942        16.305387        26.178000        46.511824        49.255163
        3.571345         0.160804        -0.000000         0.000000         1.974985         9.840991        16.068577        26.200472        46.549581        49.255914
        3.578790         0.158291        -0.000000         0.000000         1.914294         9.706031        15.831063        26.222482        46.587275        49.255291
        3.586236         0.155779        -0.000000         0.000000         1.854234         9.570470        15.593127        26.244215        46.624928        49.253842
        3.593681         0.153266        -0.000000         0.000000         1.795587         9.433587        15.354267        26.265337        46.662465        49.250549
        3.601126         0.150754        -0.000000         0.000000         1.737712         9.296001        15.114915        26.286131        46.699921        49.246257
        3.608572         0.148241        -0.000000         0.000000         1.680622         9.157703        14.875064        26.306592        46.737295        49.240949
        3.616017         0.145729        -0.000000         0.000000         1.624942         9.018158        14.634340        26.326464        46.774486        49.233837
        3.623462         0.143216        -0.000000         0.000000         1.569901         8.878062        14.393228        26.346074        46.811582        49.225920
        3.630907         0.140704        -0.000000         0.000000         1.515936         8.737043        14.151469        26.365242        46.848511        49.216648
        3.638353         0.138191        -0.000000         0.000000         1.463101         8.595086        13.909050        26.383954        46.885236        49.205986
        3.645798         0.135678        -0.000000         0.000000         1.410905         8.452602        13.666260        26.402410        46.921839        49.194543
        3.653243         0.133166        -0.000000         0.000000         1.360079         8.309016        13.422693        26.420321        46.958156        49.181460
        3.660689         0.130653        -0.000000         0.000000         1.310095         8.164774        13.178663        26.437902        46.994273        49.167400
        3.668134         0.128141        -0.000000         0.000000         1.260840         8.019965        12.934232        26.455198        47.030217        49.152495
        3.675579         0.125628        -0.000000         0.000000         1.213070         7.874039        12.689010        26.471919        47.065766        49.135937
        3.683024         0.123116        -0.000000         0.000000         1.165941         7.727646        12.443456        26.488396        47.101126        49.118694
        3.690470         0.120603        -0.000000         0.000000         1.119831         7.580514        12.197376        26.504484        47.136183        49.100369
        3.697915         0.118090        -0.000000         0.000000         1.074916         7.432548        11.950702        26.520122        47.170849        49.080846
        3.705360         0.115578        -0.000000         0.000000         1.030641         7.284141        11.703712        26.535519        47.205296        49.060697
        3.712806         0.113065        -0.000000         0.000000         0.987672         7.134855        11.456094        26.550429        47.239273        49.039322
        3.720251         0.110553        -0.000000         0.000000         0.945605         6.984987        11.208056        26.565006        47.272896        49.017165
        3.727696         0.108040        -0.000000         0.000000         0.904203         6.834690        10.959710        26.579337        47.306259        48.994431
        3.735142         0.105528        -0.000000         0.000000         0.864340         6.683438        10.710675        26.593106        47.338967        48.970481
        3.742587         0.103015        -0.000000         0.000000         0.825113         6.531809        10.461364        26.606644        47.371384        48.946080
        3.750032         0.100503        -0.000000         0.000000         0.786835         6.379616        10.211645        26.619838        47.403366        48.921009
        3.757477         0.097990        -0.000000         0.000000         0.749801         6.226718         9.961411        26.632583        47.434736        48.895170
        3.764923         0.095477        -0.000000         0.000000         0.713400         6.073468         9.710918        26.645102        47.465782        48.868972
        3.772368         0.092965        -0.000000         0.000000         0.678227         5.919553         9.459938        26.657181        47.496182        48.842133
        3.779813         0.090452        -0.000000         0.000000         0.644005         5.765147         9.208594        26.668922        47.526049        48.814893
        3.787259         0.087940        -0.000000         0.000000         0.610413         5.610417         8.957010        26.680439        47.555561        48.787392
        3.794704         0.085427        -0.000000         0.000000         0.578321         5.454951         8.704878        26.691426        47.584180        48.759417
        3.802149         0.082915        -0.000000         0.000000         0.546890         5.299177         8.452515        26.702179        47.612383        48.731306
        3.809594         0.080402        -0.000000         0.000000         0.516328         5.142998         8.199848        26.712625        47.640038        48.703017
        3.817040         0.077889        -0.000000         0.000000         0.487044         4.986256         7.946754        26.722622        47.666844        48.674609
        3.824485         0.075377        -0.000000         0.000000         0.458380         4.829250         7.693461        26.732402        47.693226        48.646188
        3.831930         0.072864        -0.000000         0.000000         0.430852         4.671770         7.439805        26.741783        47.718813        48.617797
        3.839376         0.070352        -0.000000         0.000000         0.404311         4.513903         7.185852        26.750817        47.743676        48.589548
        3.846821         0.067839        -0.000000         0.000000         0.378382         4.355798         6.931716        26.759637        47.768086        48.561400
        3.854266         0.065327        -0.000000         0.000000         0.353850         4.197178         6.677179        26.767967        47.791424        48.533627
        3.861712         0.062814        -0.000000         0.000000         0.330017         4.038316         6.422453        26.776051        47.814200        48.506127
        3.869157         0.060302        -0.000000         0.000000         0.306965         3.879184         6.167516        26.783861        47.836349        48.478934
        3.876602         0.057789        -0.000000         0.000000         0.285203         3.719635         5.912248        26.791215        47.857417        48.452410
        3.884047         0.055276        -0.000000         0.000000         0.264035         3.559904         5.656835        26.798359        47.877972        48.426245
        3.891493         0.052764        -0.000000         0.000000         0.243899         3.399861         5.401173        26.805137        47.897625        48.400747
        3.898938         0.050251        -0.000000         0.000000         0.224760         3.239540         5.145286        26.811559        47.916372        48.376019
        3.906383         0.047739        -0.000000         0.000000         0.206203         3.079058         4.889269        26.817772        47.934582        48.351759
        3.913829         0.045226        -0.000000         0.000000         0.188909         2.918249         4.632986        26.823528        47.951595        48.328639
        3.921274         0.042714        -0.000000         0.000000         0.172323         2.757271         4.376563        26.829025        47.967906        48.306251
        3.928719         0.040201        -0.000000         0.000000         0.156412         2.596131         4.120007        26.834274        47.983550        48.284560
        3.936164         0.037688        -0.000000         0.000000         0.141743         2.434717         3.863224        26.839058        47.997906        48.264321
        3.943610         0.035176        -0.000000         0.000000         0.127610         2.273192         3.606348        26.843636        48.011683        48.244772
        3.951055         0.032663        -0.000000         0.000000         0.114356         2.111489         3.349323        26.847876        48.024503        48.226378
        3.958500         0.030151        -0.000000         0.000000         0.102025         1.949615         3.092152        26.851747        48.036255        48.209342
        3.965946         0.027638        -0.000000         0.000000         0.090196         1.787649         2.834905        26.855412        48.047412        48.193076
        3.973391         0.025126        -0.000000         0.000000         0.079381         1.625511         2.577510        26.858649        48.057310        48.178490
        3.980836         0.022613        -0.000000         0.000000         0.069172         1.463277         2.320033        26.861610        48.066385        48.165043
        3.988282         0.020101        -0.000000         0.000000         0.059455         1.300967         2.062491        26.864346        48.074792        48.152521
        3.995727         0.017588        -0.000000         0.000000         0.050683         1.138519         1.804830        26.866604        48.081753        48.142066
        4.003172         0.015075        -0.000000         0.000000         0.042260         0.976025         1.547129        26.868659        48.088095        48.132516
        4.010617         0.012563        -0.000000         0.000000         0.034370         0.813458         1.289365        26.870399        48.093476        48.124374
        4.018063         0.010050        -0.000000         0.000000         0.027001         0.650826         1.031544        26.871753        48.097670        48.118005
        4.025508         0.007538        -0.000000         0.000000         0.019868         0.488165         0.773698        26.872904        48.101238        48.112575
        4.032953         0.005025        -0.000000         0.000000         0.013118         0.325458         0.515812        26.873649        48.103552        48.109044
        4.040399         0.002513        -0.000000         0.000000         0.006510         0.162735         0.257911        26.874100        48.104953        48.106904
        4.047844         0.000000         0.000000         0.000000         0.000000         0.000000         0.000000        26.874348        48.105724        48.105724
